Cod,Ano Letivo,Serie,Andamento adesao,Situacao,Matricula,Escola
4,2019,9,CONCLUIDA,Dep.neste ano,120854750354,E M LEVI CARNEIRO
4,2022,3,CONCLUIDA,Aprovado,201617820373376,CE BALTAZAR BERNARDINO
4,2023,3,CONCLUIDA,Não avaliado,201617820373376,CE BALTAZAR BERNARDINO
4,2024,3,CONCLUIDA,Não avaliado,201617820373376,CE BALTAZAR BERNARDINO
5,2019,9,CONCLUIDA,Dep.neste ano,119129484277,E M PAULO FREIRE
5,2022,3,CONCLUIDA,Aprovado,201032200147952,CE HILARIO RIBEIRO
28,2019,9,VALOR DEPOSITADO,Aprovado,119207069929,E M RACHIDE DA GLORIA SALIM SAKER
28,2020,1,CONCLUIDA,Reprovado,20201005125,INSTITUTO FEDERAL DE EDUCACAO CIENCIA E TECNOLOGIA DO RIO DE JANEIRO CAMPUS NITEROI
28,2022,2,CONCLUIDA,Não avaliado,202219340655994,CE DAVID CAPISTRANO
28,2023,3,CONCLUIDA,Não avaliado,202219340655994,CE DAVID CAPISTRANO
37,2019,1,CONCLUIDA,Dep.neste ano,20191024381,INSTITUTO FEDERAL DE EDUCACAO CIENCIA E TECNOLOGIA DO RIO DE JANEIRO CAMPUS NITEROI
37,2020,2,VALOR DEPOSITADO,Aprovado,20191024381,INSTITUTO FEDERAL DE EDUCACAO CIENCIA E TECNOLOGIA DO RIO DE JANEIRO CAMPUS NITEROI
37,2021,2,CONCLUIDA,Reprovado,20191024381,INSTITUTO FEDERAL DE EDUCACAO CIENCIA E TECNOLOGIA DO RIO DE JANEIRO CAMPUS NITEROI
37,2022,2,CONCLUIDA,Transferido,20191024381,INSTITUTO FEDERAL DE EDUCACAO CIENCIA E TECNOLOGIA DO RIO DE JANEIRO CAMPUS NITEROI
38,2019,1,EMAIL NAO CONFIRMADO,Reprovado,20191023464,INSTITUTO FEDERAL DE EDUCACAO CIENCIA E TECNOLOGIA DO RIO DE JANEIRO CAMPUS NITEROI
38,2020,2,EMAIL NAO CONFIRMADO,Transferido,20191023464,INSTITUTO FEDERAL DE EDUCACAO CIENCIA E TECNOLOGIA DO RIO DE JANEIRO CAMPUS NITEROI
39,2019,9,VALOR DEPOSITADO,Aprovado,116572855960,E M JOSE DE ANCHIETA
39,2023,3,ELEGIVEL,Não avaliado,202332130441355,CE JOSE BONIFACIO
61,2019,9,VALOR DEPOSITADO,Aprovado,121974871753,E M RACHIDE DA GLORIA SALIM SAKER
61,2020,1,VALOR DEPOSITADO,Aprovado,20201001180,INSTITUTO FEDERAL DE EDUCACAO CIENCIA E TECNOLOGIA DO RIO DE JANEIRO CAMPUS NITEROI
61,2021,2,VALOR DEPOSITADO,Aprovado,20201001180,INSTITUTO FEDERAL DE EDUCACAO CIENCIA E TECNOLOGIA DO RIO DE JANEIRO CAMPUS NITEROI
61,2022,2,CONCLUIDA,Não avaliado,20201001180,INSTITUTO FEDERAL DE EDUCACAO CIENCIA E TECNOLOGIA DO RIO DE JANEIRO CAMPUS NITEROI
61,2023,3,CONCLUIDA,Não avaliado,20201001180,INSTITUTO FEDERAL DE EDUCACAO CIENCIA E TECNOLOGIA DO RIO DE JANEIRO CAMPUS NITEROI
66,2019,1,PRE-INSCRITO,Reprovado,20191023437,INSTITUTO FEDERAL DE EDUCACAO CIENCIA E TECNOLOGIA DO RIO DE JANEIRO CAMPUS NITEROI
66,2020,2,PRE-INSCRITO,Aprovado,20191023437,INSTITUTO FEDERAL DE EDUCACAO CIENCIA E TECNOLOGIA DO RIO DE JANEIRO CAMPUS NITEROI
66,2021,2,PRE-INSCRITO,Reprovado,20191023437,INSTITUTO FEDERAL DE EDUCACAO CIENCIA E TECNOLOGIA DO RIO DE JANEIRO CAMPUS NITEROI
66,2022,2,PRE-INSCRITO,Transferido,20191023437,INSTITUTO FEDERAL DE EDUCACAO CIENCIA E TECNOLOGIA DO RIO DE JANEIRO CAMPUS NITEROI
68,2019,9,VALOR DEPOSITADO,Aprovado,119037092704,E M MAESTRO HEITOR VILLA LOBOS
68,2020,1,VALOR DEPOSITADO,Aprovado,202031881510759,LICEU NILO PECANHA
68,2021,2,CONCLUIDA,Abandonou,202031881510759,LICEU NILO PECANHA
68,2022,3,CONCLUIDA,Transferido,202031881510759,CE MANUEL DE ABREU
69,2019,9,VALOR DEPOSITADO,Aprovado,110868530670,E M LEVI CARNEIRO
69,2020,1,VALOR DEPOSITADO,Aprovado,202031910525119,CE PAULO ASSIS RIBEIRO
69,2022,2,CONCLUIDA,Não avaliado,202031910525119,CE PAULO ASSIS RIBEIRO
69,2023,2,CONCLUIDA,Não avaliado,202031910525119,CE PAULO ASSIS RIBEIRO
75,2019,9,VALOR DEPOSITADO,Aprovado,110338809065,E M MAESTRO HEITOR VILLA LOBOS
75,2020,1,VALOR DEPOSITADO,Aprovado,200932300180163,CE AURELINO LEAL
75,2021,2,VALOR DEPOSITADO,Aprovado,200932300180163,CE AURELINO LEAL
75,2022,1,CONCLUIDA,Não avaliado,200932300180163,CE MANUEL DE ABREU
89,2019,9,CONCLUIDA,Reprovado,116443800051,E M RACHIDE DA GLORIA SALIM SAKER
89,2020,9,VALOR DEPOSITADO,Aprovado,116443800051,E M RACHIDE DA GLORIA SALIM SAKER
89,2021,1,CONCLUIDA,Reprovado,202119340634753,CE DAVID CAPISTRANO
89,2022,2,CONCLUIDA,Não avaliado,202119340634753,CE DAVID CAPISTRANO
89,2023,2,CONCLUIDA,Não avaliado,202119340634753,CE DAVID CAPISTRANO
108,2019,9,CONCLUIDA,Dep.neste ano,121193622114,E M LEVI CARNEIRO
108,2022,3,CONCLUIDA,Aprovado,202031860499071,CE GUILHERME BRIGGS
109,2019,9,VALOR DEPOSITADO,Aprovado,121682502278,ESCOLA MUNICIPAL SANTOS DUMONT
109,2020,1,VALOR DEPOSITADO,Aprovado,202031830982149,CE AURELINO LEAL
109,2021,1,VALOR DEPOSITADO,Aprovado,20202006388,INSTITUTO FEDERAL DE EDUCACAO CIENCIA E TECNOLOGIA DO RIO DE JANEIRO CAMPUS NITEROI
109,2022,1,CONCLUIDA,Não avaliado,20202006388,INSTITUTO FEDERAL DE EDUCACAO CIENCIA E TECNOLOGIA DO RIO DE JANEIRO CAMPUS NITEROI
109,2023,2,CONCLUIDA,Não avaliado,20202006388,INSTITUTO FEDERAL DE EDUCACAO CIENCIA E TECNOLOGIA DO RIO DE JANEIRO CAMPUS NITEROI
125,2019,9,PRE-INSCRITO,Reprovado,118253153618,ESCOLA MUNICIPAL ALTIVO CESAR
125,2021,1,PRE-INSCRITO,Aprovado,202132261081163,CE RAUL VIDAL
128,2019,1,ELEGIVEL,Reprovado,20191024560,INSTITUTO FEDERAL DE EDUCACAO CIENCIA E TECNOLOGIA DO RIO DE JANEIRO CAMPUS NITEROI
128,2020,2,ELEGIVEL,Transferido,20191024560,INSTITUTO FEDERAL DE EDUCACAO CIENCIA E TECNOLOGIA DO RIO DE JANEIRO CAMPUS NITEROI
150,2019,1,CONCLUIDA,Reprovado,20191024748,INSTITUTO FEDERAL DE EDUCACAO CIENCIA E TECNOLOGIA DO RIO DE JANEIRO CAMPUS NITEROI
150,2020,2,CONCLUIDA,Aprovado,20191024748,INSTITUTO FEDERAL DE EDUCACAO CIENCIA E TECNOLOGIA DO RIO DE JANEIRO CAMPUS NITEROI
151,2019,9,CONCLUIDA,Dep.neste ano,110486297755,ESCOLA MUNICIPAL ALTIVO CESAR
151,2022,3,CONCLUIDA,Aprovado,202032261025607,LICEU NILO PECANHA
157,2019,9,CONCLUIDA,Reprovado,121388136901,E M HONORINA DE CARVALHO
157,2020,9,VALOR DEPOSITADO,Aprovado,121388136901,E M HONORINA DE CARVALHO
157,2023,1,ELEGIVEL,Não avaliado,202331910563141,CE PAULO ASSIS RIBEIRO
157,2024,1,ELEGIVEL,Não avaliado,202331910563141,CE PAULO ASSIS RIBEIRO
161,2019,9,VALOR DEPOSITADO,Aprovado,122374129950,E M LEVI CARNEIRO
161,2022,3,CONCLUIDA,Reprovado,202031881522250,LICEU NILO PECANHA
161,2023,3,CONCLUIDA,Aprovado,202031881522250,CE PAULO ASSIS RIBEIRO
167,2019,9,CONCLUIDA,Dep.neste ano,120723174791,E M RACHIDE DA GLORIA SALIM SAKER
167,2022,3,CONCLUIDA,Aprovado,202019340610173,CE DAVID CAPISTRANO
174,2019,9,VALOR DEPOSITADO,Aprovado,119709505440,ESCOLA MUNICIPAL ALTIVO CESAR
174,2022,3,CONCLUIDA,Aprovado,202032261036560,CE RAUL VIDAL
185,2019,9,VALOR DEPOSITADO,Aprovado,120242503518,E M PAULO FREIRE
185,2022,3,CONCLUIDA,Aprovado,202019340613350,CE DAVID CAPISTRANO
200,2019,9,VALOR DEPOSITADO,Aprovado,117218951910,E M LEVI CARNEIRO
200,2020,1,VALOR DEPOSITADO,Aprovado,202031940766599,CE BALTAZAR BERNARDINO
200,2022,2,CONCLUIDA,Não avaliado,202031940766599,CE PAULO ASSIS RIBEIRO
202,2019,9,CONCLUIDA,Dep.neste ano,121686736087,E M JOSE DE ANCHIETA
202,2022,3,CONCLUIDA,Reprovado,202031870883451,CE MACHADO DE ASSIS
202,2023,3,CONCLUIDA,Aprovado,202031870883451,CE MACHADO DE ASSIS
209,2019,9,VALOR DEPOSITADO,Aprovado,112297848020,ESCOLA MUNICIPAL SANTOS DUMONT
209,2020,1,CONCLUIDA,Reprovado,20201021924,INSTITUTO FEDERAL DE EDUCACAO CIENCIA E TECNOLOGIA DO RIO DE JANEIRO CAMPUS NITEROI
209,2021,1,CONCLUIDA,Reprovado,20201021924,INSTITUTO FEDERAL DE EDUCACAO CIENCIA E TECNOLOGIA DO RIO DE JANEIRO CAMPUS NITEROI
209,2022,1,CONCLUIDA,Reprovado,20201021924,INSTITUTO FEDERAL DE EDUCACAO CIENCIA E TECNOLOGIA DO RIO DE JANEIRO CAMPUS NITEROI
209,2023,2,CONCLUIDA,Aprovado,20201021924,INSTITUTO FEDERAL DE EDUCACAO CIENCIA E TECNOLOGIA DO RIO DE JANEIRO CAMPUS NITEROI
209,2024,3,CONCLUIDA,Não avaliado,20201021924,INSTITUTO FEDERAL DE EDUCACAO CIENCIA E TECNOLOGIA DO RIO DE JANEIRO CAMPUS NITEROI
222,2019,1,CONCLUIDA,Reprovado,20191025235,INSTITUTO FEDERAL DE EDUCACAO CIENCIA E TECNOLOGIA DO RIO DE JANEIRO CAMPUS NITEROI
222,2020,2,CONCLUIDA,Reprovado,20191025235,INSTITUTO FEDERAL DE EDUCACAO CIENCIA E TECNOLOGIA DO RIO DE JANEIRO CAMPUS NITEROI
222,2021,3,CONCLUIDA,Reprovado,20191025235,INSTITUTO FEDERAL DE EDUCACAO CIENCIA E TECNOLOGIA DO RIO DE JANEIRO CAMPUS NITEROI
222,2022,3,CONCLUIDA,Aprovado,20191025235,INSTITUTO FEDERAL DE EDUCACAO CIENCIA E TECNOLOGIA DO RIO DE JANEIRO CAMPUS NITEROI
238,2019,1,ELEGIVEL,Reprovado,20191025137,INSTITUTO FEDERAL DE EDUCACAO CIENCIA E TECNOLOGIA DO RIO DE JANEIRO CAMPUS NITEROI
238,2020,2,ELEGIVEL,Transferido,20191025137,INSTITUTO FEDERAL DE EDUCACAO CIENCIA E TECNOLOGIA DO RIO DE JANEIRO CAMPUS NITEROI
246,2019,9,VALOR DEPOSITADO,Aprovado,113054173304,ESCOLA MUNICIPAL SANTOS DUMONT
246,2020,1,VALOR DEPOSITADO,Aprovado,202031881553131,LICEU NILO PECANHA
246,2022,2,CONCLUIDA,Não avaliado,202031881553131,LICEU NILO PECANHA
252,2019,9,CONCLUIDA,Reprovado,121103755586,E M JOSE DE ANCHIETA
252,2020,9,CONCLUIDA,Aprovado,121103755586,E M RACHIDE DA GLORIA SALIM SAKER
252,2022,1,CONCLUIDA,Não avaliado,201631890411302,CE RAUL VIDAL
252,2023,1,CONCLUIDA,Não avaliado,201631890411302,CE DAVID CAPISTRANO
257,2019,9,VALOR DEPOSITADO,Aprovado,116441862092,E M FRANCISCO PORTUGAL NEVES
257,2020,1,VALOR DEPOSITADO,Aprovado,202031881497124,LICEU NILO PECANHA
257,2021,2,VALOR DEPOSITADO,Aprovado,202031881497124,LICEU NILO PECANHA
257,2022,2,CONCLUIDA,Não avaliado,202031881497124,LICEU NILO PECANHA
257,2023,3,CONCLUIDA,Não avaliado,202031881497124,LICEU NILO PECANHA
262,2019,9,VALOR DEPOSITADO,Aprovado,116666913050,E M JOAO BRAZIL
262,2020,1,VALOR DEPOSITADO,Aprovado,202017810088242,CIEP 251 DONA MARIA PORTUGAL
262,2022,2,CONCLUIDA,Não avaliado,202017810088242,CIEP 251 DONA MARIA PORTUGAL
277,2019,9,PRE-INSCRITO,Reprovado,121742306151,E M LEVI CARNEIRO
277,2020,9,PRE-INSCRITO,Aprovado,121742306151,E M LEVI CARNEIRO
277,2022,2,PRE-INSCRITO,Não avaliado,202131910535072,CE PAULO ASSIS RIBEIRO
277,2023,3,PRE-INSCRITO,Não avaliado,202131910535072,CE PAULO ASSIS RIBEIRO
286,2020,2,VALOR DEPOSITADO,Aprovado,20191025010,INSTITUTO FEDERAL DE EDUCACAO CIENCIA E TECNOLOGIA DO RIO DE JANEIRO CAMPUS NITEROI
286,2021,2,VALOR DEPOSITADO,Aprovado,20191025010,INSTITUTO FEDERAL DE EDUCACAO CIENCIA E TECNOLOGIA DO RIO DE JANEIRO CAMPUS NITEROI
286,2022,2,CONCLUIDA,Não avaliado,20191025010,INSTITUTO FEDERAL DE EDUCACAO CIENCIA E TECNOLOGIA DO RIO DE JANEIRO CAMPUS NITEROI
287,2020,1,VALOR DEPOSITADO,Aprovado,20201021871,INSTITUTO FEDERAL DE EDUCACAO CIENCIA E TECNOLOGIA DO RIO DE JANEIRO CAMPUS NITEROI
287,2021,2,VALOR DEPOSITADO,Aprovado,20201021871,INSTITUTO FEDERAL DE EDUCACAO CIENCIA E TECNOLOGIA DO RIO DE JANEIRO CAMPUS NITEROI
287,2022,2,CONCLUIDA,Não avaliado,20201021871,INSTITUTO FEDERAL DE EDUCACAO CIENCIA E TECNOLOGIA DO RIO DE JANEIRO CAMPUS NITEROI
287,2023,3,CONCLUIDA,Não avaliado,20201021871,INSTITUTO FEDERAL DE EDUCACAO CIENCIA E TECNOLOGIA DO RIO DE JANEIRO CAMPUS NITEROI
288,2020,2,VALOR DEPOSITADO,Aprovado,20191023956,INSTITUTO FEDERAL DE EDUCACAO CIENCIA E TECNOLOGIA DO RIO DE JANEIRO CAMPUS NITEROI
288,2021,2,VALOR DEPOSITADO,Aprovado,20191023956,INSTITUTO FEDERAL DE EDUCACAO CIENCIA E TECNOLOGIA DO RIO DE JANEIRO CAMPUS NITEROI
288,2022,2,CONCLUIDA,Não avaliado,20191023956,INSTITUTO FEDERAL DE EDUCACAO CIENCIA E TECNOLOGIA DO RIO DE JANEIRO CAMPUS NITEROI
1626,2020,9,INSCRICAO PARCIAL,Aprovado,116745360119,ESCOLA MUNICIPAL SANTOS DUMONT
1626,2021,1,INSCRICAO PARCIAL,Aprovado,202131881584686,LICEU NILO PECANHA
1626,2022,1,INSCRICAO PARCIAL,Não avaliado,202131881584686,LICEU NILO PECANHA
1637,2020,9,VALOR DEPOSITADO,Aprovado,117280347010,E M DR ALBERTO FRANCISCO TORRES
1637,2021,1,CONCLUIDA,Dep.neste ano,201632300383486,IE PROFESSOR ISMAEL COUTINHO
1637,2022,1,VALOR DEPOSITADO,Aprovado,201632300383486,LICEU NILO PECANHA
1637,2023,2,CONCLUIDA,Reprovado,201632300383486,LICEU NILO PECANHA
1637,2024,2,CONCLUIDA,Não avaliado,201632300383486,LICEU NILO PECANHA
1650,2020,9,ELEGIVEL,Aprovado,122268916170,E M HONORINA DE CARVALHO
1650,2021,1,ELEGIVEL,Aprovado,202131881602765,LICEU NILO PECANHA
1650,2022,1,ELEGIVEL,Não avaliado,202131881602765,LICEU NILO PECANHA
1650,2023,2,ELEGIVEL,Não avaliado,202131881602765,LICEU NILO PECANHA
1650,2024,2,ELEGIVEL,Não avaliado,202131881602765,LICEU NILO PECANHA
1674,2020,9,PRE-INSCRITO,Aprovado,120689428609,ESCOLA MUNICIPAL ANTINEIA SILVEIRA MIRANDA
1674,2022,2,PRE-INSCRITO,Não avaliado,202131881585811,LICEU NILO PECANHA
1674,2023,2,PRE-INSCRITO,Não avaliado,202131881585811,LICEU NILO PECANHA
1676,2020,9,VALOR DEPOSITADO,Aprovado,123251601066,E M JOAO BRAZIL
1676,2021,0,CONCLUIDA,Não Cursou,201717810075810,CE DAVID CAPISTRANO
1676,2022,1,VALOR DEPOSITADO,Aprovado,201717810075810,CE DAVID CAPISTRANO
1676,2023,2,CONCLUIDA,Dep.neste ano,201717810075810,CE DAVID CAPISTRANO
1676,2024,3,CONCLUIDA,Não avaliado,201717810075810,CE DAVID CAPISTRANO
1686,2020,9,ELEGIVEL,Aprovado,119122944434,E M PAULO FREIRE
1686,2022,1,ELEGIVEL,Não avaliado,201732010379310,CE HILARIO RIBEIRO
1690,2020,9,ELEGIVEL,Aprovado,121852536119,E M FRANCISCO PORTUGAL NEVES
1690,2022,2,ELEGIVEL,Não avaliado,202131930454711,CE ALMIRANTE TAMANDARE
1696,2020,9,ELEGIVEL,Aprovado,123508308102,ESCOLA MUNICIPAL ALTIVO CESAR
1696,2022,2,ELEGIVEL,Não avaliado,202129710600405,CE CONSELHEIRO MACEDO SOARES
1700,2020,9,VALOR DEPOSITADO,Aprovado,110939427388,E M JOSE DE ANCHIETA
1700,2021,1,VALOR DEPOSITADO,Aprovado,202132000476326,CE DOUTOR LUCIANO PESTRE
1700,2022,1,CONCLUIDA,Não avaliado,202132000476326,CE DOUTOR LUCIANO PESTRE
1700,2023,1,CONCLUIDA,Não avaliado,202132000476326,CE DOUTOR LUCIANO PESTRE
1700,2024,2,CONCLUIDA,Não avaliado,202132000476326,CE DOUTOR LUCIANO PESTRE
1713,2020,9,ELEGIVEL,Aprovado,112962717739,E M FRANCISCO PORTUGAL NEVES
1713,2022,1,ELEGIVEL,Não avaliado,202232240563531,CE PROFESSORA ALCINA RODRIGUES LIMA
1713,2023,1,ELEGIVEL,Não avaliado,202232240563531,CE ALMIRANTE TAMANDARE
1713,2024,1,ELEGIVEL,Não avaliado,202232240563531,CE ALMIRANTE TAMANDARE
1716,2020,9,ELEGIVEL,Aprovado,119577392236,E M LEVI CARNEIRO
1716,2022,2,ELEGIVEL,Não avaliado,202131881607805,CE PAULO ASSIS RIBEIRO
1720,2020,9,PRE-INSCRITO,Aprovado,120517400463,E M FRANCISCO PORTUGAL NEVES
1720,2021,1,PRE-INSCRITO,Abandonou,201729510514346,LICEU NILO PECANHA
1720,2022,2,PRE-INSCRITO,Aprovado,201729510514346,CIEP 307 DJANIRA
1720,2023,3,PRE-INSCRITO,Aprovado,201729510514346,CE RAUL VIDAL
1720,2024,3,PRE-INSCRITO,Não avaliado,201729510514346,CE ZULEIKA RAPOSO VALLADARES
1725,2020,9,INSCRICAO PARCIAL,Aprovado,121379882914,E M JOAO BRAZIL
1725,2022,1,ELEGIVEL,Não avaliado,202231970352221,CE CONSELHEIRO JOSINO
1728,2020,9,ELEGIVEL,Aprovado,117755493210,ESCOLA MUNICIPAL ALTIVO CESAR
1728,2022,1,ELEGIVEL,Não avaliado,202231900518341,CE MULLULO DA VEIGA
1729,2020,9,VALOR DEPOSITADO,Aprovado,122520338279,ESCOLA MUNICIPAL ALTIVO CESAR
1729,2020,9,VALOR DEPOSITADO,Aprovado,122520338279,ESCOLA MUNICIPAL ALTIVO CESAR
1729,2021,1,CONCLUIDA,Transferido,202131850874119,CE CONSELHEIRO MACEDO SOARES
1729,2022,2,CONCLUIDA,Reprovado,202131850874119,LICEU NILO PECANHA
1729,2023,2,CONCLUIDA,Não avaliado,202131850874119,LICEU NILO PECANHA
1729,2024,3,CONCLUIDA,Não avaliado,202131850874119,LICEU NILO PECANHA
1737,2020,9,ELEGIVEL,Aprovado,122743626290,ESCOLA MUNICIPAL ALTIVO CESAR
1737,2022,1,ELEGIVEL,Não avaliado,201129440090684,LICEU NILO PECANHA
1770,2020,9,ELEGIVEL,Aprovado,114508440575,E M FRANCISCO PORTUGAL NEVES
1770,2021,1,ELEGIVEL,Abandonou,202131881574966,LICEU NILO PECANHA
1770,2022,2,ELEGIVEL,Reprovado,202131881574966,CE ALMIRANTE TAMANDARE
1770,2023,2,ELEGIVEL,Reprovado,202131881574966,CE ALMIRANTE TAMANDARE
1775,2020,9,ELEGIVEL,Aprovado,116593219648,E M PAULO FREIRE
1775,2022,6,ELEGIVEL,Não avaliado,202231930471378,CE ALMIRANTE TAMANDARE
1775,2023,7,ELEGIVEL,Não avaliado,202231930471378,CE ALMIRANTE TAMANDARE
1775,2024,8,ELEGIVEL,Não avaliado,202231930471378,CE ALMIRANTE TAMANDARE
1782,2020,9,ELEGIVEL,Aprovado,123674562161,E M PAULO FREIRE
1782,2023,2,ELEGIVEL,Não avaliado,202132100424204,CE HILARIO RIBEIRO
1782,2024,3,ELEGIVEL,Não avaliado,202132100424204,CE HILARIO RIBEIRO
1796,2020,9,ELEGIVEL,Aprovado,119580613523,ESCOLA MUNICIPAL ALTIVO CESAR
1796,2022,2,ELEGIVEL,Não avaliado,202131850856310,LICEU NILO PECANHA
1796,2023,2,ELEGIVEL,Não avaliado,202131850856310,LICEU NILO PECANHA
1796,2024,2,ELEGIVEL,Não avaliado,202131850856310,LICEU NILO PECANHA
1847,2020,9,PRE-INSCRITO,Aprovado,123954144416,ESCOLA MUNICIPAL ALTIVO CESAR
1847,2022,1,ELEGIVEL,Não avaliado,202132261088842,CE MULLULO DA VEIGA
1848,2020,9,PRE-INSCRITO,Aprovado,123368887938,E M HONORINA DE CARVALHO
1848,2021,1,PRE-INSCRITO,Abandonou,202131881574028,LICEU NILO PECANHA
1848,2022,2,PRE-INSCRITO,Aprovado,202131881574028,CE PAULO ASSIS RIBEIRO
1848,2023,3,PRE-INSCRITO,Aprovado,202131881574028,LICEU NILO PECANHA
1860,2020,9,VALOR DEPOSITADO,Aprovado,120753867906,ESCOLA MUNICIPAL SANTOS DUMONT
1860,2022,1,CONCLUIDA,Não avaliado,202231870938828,CE MATEMATICO JOAQUIM GOMES DE SOUSA - INTER-CULTURAL BRASIL-CHINA
1860,2023,1,CONCLUIDA,Não avaliado,202231870938828,CE JOAQUIM TAVORA
1867,2020,9,ELEGIVEL,Aprovado,123489822004,E M FRANCISCO PORTUGAL NEVES
1867,2022,1,ELEGIVEL,Não avaliado,202232240564501,CE PROFESSORA ALCINA RODRIGUES LIMA
1867,2023,1,ELEGIVEL,Não avaliado,202232240564501,CIEP 448 RUY FRAZAO SOARES
1867,2024,1,ELEGIVEL,Não avaliado,202232240564501,CIEP 448 RUY FRAZAO SOARES
1871,2020,9,ELEGIVEL,Aprovado,121022119086,E M FRANCISCO PORTUGAL NEVES
1871,2021,1,ELEGIVEL,Aprovado,202131860515261,CE GUILHERME BRIGGS
1871,2022,1,ELEGIVEL,Não avaliado,202131860515261,CE GUILHERME BRIGGS
1871,2023,2,ELEGIVEL,Não avaliado,202131860515261,CE GUILHERME BRIGGS
1871,2024,3,ELEGIVEL,Não avaliado,202131860515261,CE GUILHERME BRIGGS
1872,2020,9,ELEGIVEL,Aprovado,111769847803,E M PAULO FREIRE
1872,2022,1,ELEGIVEL,Não avaliado,202217810090610,CIEP 251 DONA MARIA PORTUGAL
1872,2024,1,ELEGIVEL,Não avaliado,202217810090610,CE JOAQUIM TAVORA
1878,2020,9,ELEGIVEL,Aprovado,117447950881,ESCOLA MUNICIPAL SANTOS DUMONT
1878,2021,1,ELEGIVEL,Transferido,202132230546271,CE CIZINIO SOARES PINTO
1878,2022,2,ELEGIVEL,Aprovado,202132230546271,CE MANUEL DE ABREU
1878,2023,3,ELEGIVEL,Abandonou,202132230546271,CE MANUEL DE ABREU
1890,2020,9,PRE-INSCRITO,Aprovado,119202096707,E M PAULO FREIRE
1890,2023,3,PRE-INSCRITO,Não avaliado,202131890509381,CE MACHADO DE ASSIS
1892,2020,9,ELEGIVEL,Aprovado,116444689308,E M MAESTRO HEITOR VILLA LOBOS
1892,2022,1,ELEGIVEL,Não avaliado,202232261112210,CE RAUL VIDAL
1896,2020,9,ELEGIVEL,Aprovado,119178934507,ESCOLA MUNICIPAL ANTINEIA SILVEIRA MIRANDA
1896,2023,1,ELEGIVEL,Não avaliado,202232100436020,CE CONSELHEIRO JOSINO
1896,2024,2,ELEGIVEL,Não avaliado,202232100436020,CE CONSELHEIRO JOSINO
1902,2020,9,ELEGIVEL,Aprovado,122961336650,E M PAULO FREIRE
1902,2021,1,ELEGIVEL,Aprovado,202131940800335,CE BALTAZAR BERNARDINO
1902,2022,1,ELEGIVEL,Não avaliado,202131940800335,CE BALTAZAR BERNARDINO
1916,2020,9,ELEGIVEL,Aprovado,119495310902,E M MAESTRO HEITOR VILLA LOBOS
1916,2022,1,ELEGIVEL,Não avaliado,202232150641957,LICEU NILO PECANHA
1916,2023,1,ELEGIVEL,Não avaliado,202232150641957,CE ZULEIKA RAPOSO VALLADARES
1920,2020,9,ELEGIVEL,Aprovado,116919427310,E M FRANCISCO PORTUGAL NEVES
1920,2021,1,ELEGIVEL,Abandonou,202131881609182,LICEU NILO PECANHA
1920,2022,2,ELEGIVEL,Dep.neste ano,202131881609182,CE PROFESSORA ALCINA RODRIGUES LIMA
1920,2023,3,ELEGIVEL,Aprovado,202131881609182,CE PROFESSORA ALCINA RODRIGUES LIMA
1922,2020,9,ELEGIVEL,Aprovado,121440247071,E M FRANCISCO PORTUGAL NEVES
1922,2021,1,ELEGIVEL,Abandonou,202131881575261,LICEU NILO PECANHA
1922,2022,2,ELEGIVEL,Dep.neste ano,202232240565230,CE PROFESSORA ALCINA RODRIGUES LIMA
1922,2023,3,ELEGIVEL,Dep.neste ano,202232240565230,CE PROFESSORA ALCINA RODRIGUES LIMA
2037,2020,9,ELEGIVEL,Aprovado,120507044966,E M PAULO FREIRE
2037,2022,1,ELEGIVEL,Não avaliado,202232000486360,CE DOUTOR LUCIANO PESTRE
2049,2020,9,ELEGIVEL,Aprovado,120677069340,E M MAESTRO HEITOR VILLA LOBOS
2049,2021,1,ELEGIVEL,Aprovado,202131881608291,LICEU NILO PECANHA
2049,2022,1,ELEGIVEL,Não avaliado,202131881608291,LICEU NILO PECANHA
2049,2023,1,ELEGIVEL,Não avaliado,202332290365010,CE ZULEIKA RAPOSO VALLADARES
2283,2021,9,ELEGIVEL,Reprovado,201804510830443,CE JOSE BONIFACIO
2283,2022,1,ELEGIVEL,Não avaliado,201804510830443,CE JOSE BONIFACIO
2310,2021,9,VALOR DEPOSITADO,Aprovado,201729860311210,CE RAUL VIDAL
2310,2022,1,VALOR DEPOSITADO,Aprovado,201729860311210,CE RAUL VIDAL
2310,2023,2,CONCLUIDA,Reprovado,201729860311210,CE RAUL VIDAL
2310,2024,3,CONCLUIDA,Não avaliado,201729860311210,CE ZULEIKA RAPOSO VALLADARES
2313,2021,9,CONCLUIDA,Transferido,201732230490610,CE PINTO LIMA
2313,2022,1,CONCLUIDA,Abandonou,201732230490610,CE MULLULO DA VEIGA
2338,2021,9,ELEGIVEL,Aprovado,201832300459264,IE PROFESSOR ISMAEL COUTINHO
2338,2022,1,ELEGIVEL,Dep.neste ano,201832300459264,CE AURELINO LEAL
2338,2023,2,ELEGIVEL,Reprovado,201832300459264,CE AURELINO LEAL
2338,2024,3,ELEGIVEL,Não avaliado,201832300459264,CE AURELINO LEAL
2341,2021,9,CONCLUIDA,Transferido,201831850698174,CE CONSELHEIRO MACEDO SOARES
2341,2022,1,CONCLUIDA,Reprovado,201831850698174,LICEU NILO PECANHA
2341,2023,1,CONCLUIDA,Dep.neste ano,201831850698174,CE RAUL VIDAL
2341,2024,1,CONCLUIDA,Não avaliado,201831850698174,CE ZULEIKA RAPOSO VALLADARES
2370,2021,9,VALOR DEPOSITADO,Aprovado,201732010376548,EE DOUTOR MEMORIA
2370,2022,1,VALOR DEPOSITADO,Aprovado,202231940809525,CE BALTAZAR BERNARDINO
2370,2023,1,CONCLUIDA,Aprovado,202231940809525,CE BALTAZAR BERNARDINO
2370,2024,2,CONCLUIDA,Não avaliado,202231940809525,CE BALTAZAR BERNARDINO
2431,2021,9,PRE-INSCRITO,Aprovado,201932260969931,CE RAUL VIDAL
2431,2022,1,PRE-INSCRITO,Aprovado,201932260969931,CE RAUL VIDAL
2431,2023,2,PRE-INSCRITO,Reprovado,201932260969931,CE RAUL VIDAL
2431,2024,3,PRE-INSCRITO,Não avaliado,201932260969931,CE ZULEIKA RAPOSO VALLADARES
2448,2021,9,VALOR DEPOSITADO,Aprovado,201832010385853,EE DOUTOR MEMORIA
2448,2022,1,VALOR DEPOSITADO,Aprovado,201832010385853,CE BALTAZAR BERNARDINO
2448,2023,1,CONCLUIDA,Reprovado,201832010385853,CE BALTAZAR BERNARDINO
2452,2021,9,VALOR DEPOSITADO,Aprovado,201832170231838,EE MENEZES VIEIRA
2452,2022,1,VALOR DEPOSITADO,Aprovado,202231881643174,CE RAUL VIDAL
2452,2023,2,CONCLUIDA,Reprovado,202231881643174,CE RAUL VIDAL
2452,2024,3,CONCLUIDA,Não avaliado,202231881643174,CE ZULEIKA RAPOSO VALLADARES
2530,2021,9,ELEGIVEL,Abandonou,202031970342487,CE CONSELHEIRO JOSINO
2530,2022,1,ELEGIVEL,Reprovado,202031970342487,CE EMBAIXADOR RAUL FERNANDES
2813,2021,9,PRE-INSCRITO,Transferido,201832130390269,CIEP 448 RUY FRAZAO SOARES
2813,2022,1,PRE-INSCRITO,Aprovado,201832130390269,CE CONSELHEIRO JOSINO
2813,2023,2,PRE-INSCRITO,Aprovado,201832130390269,CE CONSELHEIRO JOSINO
2813,2024,3,PRE-INSCRITO,Não avaliado,201832130390269,CE MACHADO DE ASSIS
2819,2021,9,ELEGIVEL,Transferido,201915930288120,CIEP 448 RUY FRAZAO SOARES
2819,2022,1,ELEGIVEL,Dep.neste ano,201915930288120,CIEP 448 RUY FRAZAO SOARES
2832,2021,9,ELEGIVEL,Reprovado,201931870854348,CE MANUEL DE ABREU
2832,2022,1,ELEGIVEL,Não avaliado,201932140605817,CE MANUEL DE ABREU
2832,2023,1,ELEGIVEL,Não avaliado,201932140605817,CE MANUEL DE ABREU
2832,2024,1,ELEGIVEL,Não avaliado,201932140605817,CE MANUEL DE ABREU
2836,2021,9,ELEGIVEL,Aprovado,201632160425548,CE CIZINIO SOARES PINTO
2836,2022,1,ELEGIVEL,Aprovado,201632160425548,CE CIZINIO SOARES PINTO
2836,2023,1,ELEGIVEL,Abandonou,201632160425548,CE CIZINIO SOARES PINTO
2847,2021,9,PRE-INSCRITO,Aprovado,201915930316191,CIEP 448 RUY FRAZAO SOARES
2847,2022,1,PRE-INSCRITO,Aprovado,201915930316191,CIEP 448 RUY FRAZAO SOARES
2847,2023,1,PRE-INSCRITO,Aprovado,201916170118769,CIEP 448 RUY FRAZAO SOARES
2853,2021,9,ELEGIVEL,Aprovado,201631850638910,CE JOSE BONIFACIO
2853,2022,9,ELEGIVEL,Não avaliado,201631850638910,CE JOSE BONIFACIO
2912,2021,9,ELEGIVEL,Aprovado,201731870752569,CE RAUL VIDAL
2912,2022,9,ELEGIVEL,Não avaliado,201731870752569,CE RAUL VIDAL
3011,2021,9,EMAIL NAO CONFIRMADO,Reprovado,201917820412478,CIEP 450 DI CAVALCANTI
3011,2022,1,EMAIL NAO CONFIRMADO,Não avaliado,201917820412478,CE PAULO ASSIS RIBEIRO
3011,2023,2,EMAIL NAO CONFIRMADO,Não avaliado,201917820412478,CE PAULO ASSIS RIBEIRO
3011,2024,2,EMAIL NAO CONFIRMADO,Não avaliado,201917820412478,CE PAULO ASSIS RIBEIRO
3149,2021,9,ELEGIVEL,Aprovado,201917820416708,CIEP 450 DI CAVALCANTI
3149,2022,1,ELEGIVEL,Aprovado,201917820416708,CE JOAQUIM TAVORA
3149,2023,1,ELEGIVEL,Dep.neste ano,201917820416708,CE JOAQUIM TAVORA
3149,2024,2,ELEGIVEL,Não avaliado,201917820416708,CE JOAQUIM TAVORA
3222,2021,9,ELEGIVEL,Aprovado,120198365216,E M PAULO FREIRE
3222,2023,1,ELEGIVEL,Não avaliado,202331881720078,LICEU NILO PECANHA
3222,2024,1,ELEGIVEL,Não avaliado,202331881720078,LICEU NILO PECANHA
3225,2021,9,PRE-INSCRITO,Aprovado,120584410521,E M LEVI CARNEIRO
3225,2022,1,PRE-INSCRITO,Dep.outros anos,202231910551406,CE PAULO ASSIS RIBEIRO
3225,2023,1,PRE-INSCRITO,Reprovado,202231910551406,CE PAULO ASSIS RIBEIRO
3225,2024,1,PRE-INSCRITO,Não avaliado,202231910551406,CE PAULO ASSIS RIBEIRO
3235,2021,9,ELEGIVEL,Aprovado,120939806575,E M PAULO FREIRE
3235,2022,1,ELEGIVEL,Dep.neste ano,202231831014149,CE AURELINO LEAL
3235,2023,1,ELEGIVEL,Aprovado,202231831014149,CE AURELINO LEAL
3235,2024,2,ELEGIVEL,Não avaliado,202231831014149,CE AURELINO LEAL
3248,2021,9,PRE-INSCRITO,Aprovado,120684659815,E M PAULO FREIRE
3248,2023,1,ELEGIVEL,Não avaliado,202218770975635,CE HILARIO RIBEIRO
3256,2021,9,CONCLUIDA,Abandonou,124017748405,ESCOLA MUNICIPAL ALTIVO CESAR
3256,2022,1,CONCLUIDA,Dep.neste ano,202231881676692,LICEU NILO PECANHA
3256,2023,2,CONCLUIDA,Reprovado,202231881676692,LICEU NILO PECANHA
3256,2024,2,CONCLUIDA,Não avaliado,202231881676692,LICEU NILO PECANHA
3297,2021,9,CONCLUIDA,Transferido,121203361563,ESCOLA MUNICIPAL ALTIVO CESAR
3297,2022,1,CONCLUIDA,Transferido,202231850893497,CE CONSELHEIRO MACEDO SOARES
3297,2024,1,ELEGIVEL,Não avaliado,202231850893497,CE CONSELHEIRO MACEDO SOARES
3302,2021,9,CONCLUIDA,Abandonou,122166071189,ESCOLA MUNICIPAL ALTIVO CESAR
3302,2022,1,CONCLUIDA,Dep.neste ano,201832140580591,LICEU NILO PECANHA
3302,2023,2,CONCLUIDA,Reprovado,201832140580591,LICEU NILO PECANHA
3302,2024,2,CONCLUIDA,Não avaliado,201832140580591,CE MANUEL DE ABREU
3316,2021,9,PRE-INSCRITO,Aprovado,121441994857,E M LEVI CARNEIRO
3316,2022,1,PRE-INSCRITO,Aprovado,202231910548103,CE PAULO ASSIS RIBEIRO
3316,2023,2,PRE-INSCRITO,Abandonou,202231910548103,CE PAULO ASSIS RIBEIRO
3316,2024,1,ELEGIVEL,Não avaliado,20232001257,INSTITUTO FEDERAL DE EDUCACAO CIENCIA E TECNOLOGIA DO RIO DE JANEIRO CAMPUS NITEROI
3461,2021,9,ELEGIVEL,Aprovado,121372041698,E M HONORINA DE CARVALHO
3461,2022,1,ELEGIVEL,Aprovado,201832130381359,CE CIZINIO SOARES PINTO
3461,2023,1,ELEGIVEL,Dep.neste ano,201832130381359,CE CIZINIO SOARES PINTO
3461,2024,2,ELEGIVEL,Não avaliado,201832130381359,CE CIZINIO SOARES PINTO
3471,2021,9,ELEGIVEL,Aprovado,122268134112,E M PAULO FREIRE
3471,2022,1,ELEGIVEL,Aprovado,202231881641041,LICEU NILO PECANHA
3471,2023,1,ELEGIVEL,Não avaliado,M07001512,CPII - CAMPUS NITEROI
3487,2021,2,PRE-INSCRITO,Aprovado,20201020210,INSTITUTO FEDERAL DE EDUCACAO CIENCIA E TECNOLOGIA DO RIO DE JANEIRO CAMPUS NITEROI
3487,2022,2,PRE-INSCRITO,Não avaliado,20201020210,INSTITUTO FEDERAL DE EDUCACAO CIENCIA E TECNOLOGIA DO RIO DE JANEIRO CAMPUS NITEROI
3487,2023,3,PRE-INSCRITO,Não avaliado,20201020210,INSTITUTO FEDERAL DE EDUCACAO CIENCIA E TECNOLOGIA DO RIO DE JANEIRO CAMPUS NITEROI
3606,2021,9,ELEGIVEL,Aprovado,202032100402931,CE HILARIO RIBEIRO
3606,2023,9,ELEGIVEL,Não avaliado,202032100402931,CE HILARIO RIBEIRO
3609,2022,9,ELEGIVEL,Não avaliado,121600681602,CE MARIA PEREIRA DAS NEVES
3619,2021,9,ELEGIVEL,Aprovado,201832100346946,CE HILARIO RIBEIRO
3619,2022,2,ELEGIVEL,Não avaliado,201832100346946,CE CONSELHEIRO JOSINO
3619,2024,1,ELEGIVEL,Não avaliado,201832100346946,CE EMBAIXADOR RAUL FERNANDES
3627,2021,9,VALOR DEPOSITADO,Aprovado,202032261047414,CE RAUL VIDAL
3627,2022,1,VALOR DEPOSITADO,Aprovado,202032261047414,CE RAUL VIDAL
3627,2023,2,CONCLUIDA,Reprovado,202032261047414,CE RAUL VIDAL
3627,2024,3,CONCLUIDA,Não avaliado,202032261047414,CE ZULEIKA RAPOSO VALLADARES
3630,2022,7,ELEGIVEL,Não avaliado,122506479847,E M HONORINA DE CARVALHO
3630,2023,8,ELEGIVEL,Não avaliado,122506479847,E M HONORINA DE CARVALHO
3630,2024,9,ELEGIVEL,Não avaliado,122506479847,E M HONORINA DE CARVALHO
3640,2021,7,ELEGIVEL,Aprovado,201931900491175,CE MULLULO DA VEIGA
3640,2022,9,ELEGIVEL,Reprovado,201931900491175,CE MULLULO DA VEIGA
3640,2023,1,ELEGIVEL,Reprovado,201931900491175,CE MULLULO DA VEIGA
3640,2024,1,ELEGIVEL,Não avaliado,201931900491175,CE MULLULO DA VEIGA
3656,2021,9,INSCRICAO PARCIAL,Aprovado,201931870847724,CE MARIA PEREIRA DAS NEVES
3656,2022,9,INSCRICAO PARCIAL,Não avaliado,201931870847724,CE CIZINIO SOARES PINTO
3656,2023,1,INSCRICAO PARCIAL,Não avaliado,201931870847724,CE CIZINIO SOARES PINTO
4151,2021,1,ELEGIVEL,Aprovado,201732010374251,CE BALTAZAR BERNARDINO
4151,2022,1,ELEGIVEL,Não avaliado,201732010374251,CE BALTAZAR BERNARDINO
4161,2021,1,ELEGIVEL,Reprovado,201631940602106,CE BALTAZAR BERNARDINO
4161,2022,2,ELEGIVEL,Não avaliado,201631940602106,CE BALTAZAR BERNARDINO
4164,2021,1,VALOR DEPOSITADO,Aprovado,201731940636163,CE BALTAZAR BERNARDINO
4164,2022,2,CONCLUIDA,Transferido,201731940636163,CE BALTAZAR BERNARDINO
4164,2023,3,CONCLUIDA,Aprovado,201731940636163,CE BALTAZAR BERNARDINO
4179,2021,1,PRE-INSCRITO,Aprovado,201631960462075,CE CIZINIO SOARES PINTO
4179,2022,2,PRE-INSCRITO,Aprovado,201631960462075,CE CIZINIO SOARES PINTO
4179,2023,2,PRE-INSCRITO,Reprovado,201631960462075,CE CIZINIO SOARES PINTO
4179,2024,2,PRE-INSCRITO,Não avaliado,201631960462075,CE CIZINIO SOARES PINTO
4216,2021,1,ELEGIVEL,Aprovado,201831850729665,CE CONSELHEIRO MACEDO SOARES
4216,2022,3,ELEGIVEL,Não avaliado,201831850729665,CE CONSELHEIRO MACEDO SOARES
4217,2021,1,ELEGIVEL,Transferido,201531870672325,CE CONSELHEIRO MACEDO SOARES
4217,2022,2,ELEGIVEL,Abandonou,201531870672325,CE HILARIO RIBEIRO
4217,2023,2,ELEGIVEL,Abandonou,201531870672325,CE HILARIO RIBEIRO
4226,2021,1,ELEGIVEL,Transferido,202031850851368,CE CONSELHEIRO MACEDO SOARES
4226,2022,2,ELEGIVEL,Abandonou,202031850851368,CE MULLULO DA VEIGA
4227,2021,1,ELEGIVEL,Transferido,201832170243097,CE CONSELHEIRO MACEDO SOARES
4227,2022,2,ELEGIVEL,Abandonou,201832170243097,CE MULLULO DA VEIGA
4232,2021,1,ELEGIVEL,Aprovado,201632000408327,CE DOUTOR LUCIANO PESTRE
4232,2023,3,ELEGIVEL,Não avaliado,201632000408327,CE DOUTOR LUCIANO PESTRE
4234,2021,1,ELEGIVEL,Aprovado,202032000474910,CE DOUTOR LUCIANO PESTRE
4234,2022,1,ELEGIVEL,Não avaliado,202032000474910,CE DOUTOR LUCIANO PESTRE
4234,2023,1,ELEGIVEL,Não avaliado,202032000474910,CE DOUTOR LUCIANO PESTRE
4264,2021,1,ELEGIVEL,Aprovado,201732090240631,CE FERNANDO MAGALHAES
4264,2022,2,ELEGIVEL,Reprovado,201732090240631,CE FERNANDO MAGALHAES
4264,2023,3,ELEGIVEL,Dep.neste ano,201732090240631,CE FERNANDO MAGALHAES
4268,2021,1,ELEGIVEL,Transferido,201831960525703,CE GUILHERME BRIGGS
4268,2022,2,ELEGIVEL,Dep.neste ano,201831960525703,CE PAULO ASSIS RIBEIRO
4268,2023,3,ELEGIVEL,Dep.outros anos,201831960525703,CE PAULO ASSIS RIBEIRO
4274,2021,1,ELEGIVEL,Transferido,202131860509022,CE GUILHERME BRIGGS
4274,2022,2,ELEGIVEL,Aprovado,202131860509022,CE MANUEL DE ABREU
4274,2023,3,ELEGIVEL,Aprovado,202131860509022,LICEU NILO PECANHA
4276,2021,1,ELEGIVEL,Transferido,201631940623537,CE GUILHERME BRIGGS
4276,2022,2,ELEGIVEL,Reprovado,201631940623537,CE JOAQUIM TAVORA
4290,2021,1,ELEGIVEL,Aprovado,201732100328720,CE HILARIO RIBEIRO
4290,2022,2,ELEGIVEL,Aprovado,201732100328720,CE HILARIO RIBEIRO
4290,2023,2,ELEGIVEL,Aprovado,201732100328720,IE PROFESSOR ISMAEL COUTINHO
4290,2024,3,ELEGIVEL,Não avaliado,201732100328720,IE PROFESSOR ISMAEL COUTINHO
4419,2021,1,ELEGIVEL,Reprovado,201632030108710,CE MANUEL DE ABREU
4419,2022,1,ELEGIVEL,Aprovado,201632030108710,CE CIZINIO SOARES PINTO
4419,2023,1,ELEGIVEL,Abandonou,201632030108710,CE CIZINIO SOARES PINTO
4458,2021,1,ELEGIVEL,Reprovado,201729460313237,CE MULLULO DA VEIGA
4458,2022,2,ELEGIVEL,Não avaliado,201729460313237,CE MULLULO DA VEIGA
4458,2023,3,ELEGIVEL,Não avaliado,201729460313237,CE MULLULO DA VEIGA
4468,2021,1,ELEGIVEL,Aprovado,201917820409256,CE PAULO ASSIS RIBEIRO
4468,2023,2,ELEGIVEL,Não avaliado,201917820409256,CE PAULO ASSIS RIBEIRO
4494,2021,1,ELEGIVEL,Transferido,201631870714822,CE PROFESSORA ALCINA RODRIGUES LIMA
4494,2022,2,ELEGIVEL,Abandonou,201631870714822,CE PAULO ASSIS RIBEIRO
4495,2021,1,ELEGIVEL,Transferido,202132240551985,CE PROFESSORA ALCINA RODRIGUES LIMA
4495,2022,2,ELEGIVEL,Aprovado,202132240551985,CIEP 448 RUY FRAZAO SOARES
4495,2023,3,ELEGIVEL,Aprovado,202132240551985,CIEP 448 RUY FRAZAO SOARES
4498,2021,1,ELEGIVEL,Reprovado,202132261066873,CE RAUL VIDAL
4498,2022,2,ELEGIVEL,Não avaliado,202132261066873,CE RAUL VIDAL
4502,2021,1,ELEGIVEL,Aprovado,201732130368607,CE RAUL VIDAL
4502,2022,1,ELEGIVEL,Não avaliado,201732130368607,CE RAUL VIDAL
4502,2023,1,ELEGIVEL,Não avaliado,201732130368607,CE RAUL VIDAL
4502,2024,2,ELEGIVEL,Não avaliado,201732130368607,CE ZULEIKA RAPOSO VALLADARES
4572,2021,1,ELEGIVEL,Aprovado,201732170222794,LICEU NILO PECANHA
4572,2022,1,ELEGIVEL,Não avaliado,201732170222794,LICEU NILO PECANHA
4572,2023,1,ELEGIVEL,Não avaliado,201732170222794,CE RAUL VIDAL
4572,2024,1,ELEGIVEL,Não avaliado,201732170222794,CE ZULEIKA RAPOSO VALLADARES
4577,2021,1,INSCRICAO PARCIAL,Abandonou,201732090244708,LICEU NILO PECANHA
4577,2022,2,INSCRICAO PARCIAL,Aprovado,201732090244708,CE FERNANDO MAGALHAES
4577,2023,3,INSCRICAO PARCIAL,Aprovado,201732090244708,CE FERNANDO MAGALHAES
4579,2021,1,ELEGIVEL,Abandonou,201729510494485,LICEU NILO PECANHA
4579,2022,2,ELEGIVEL,Reprovado,201729510494485,CIEP 448 RUY FRAZAO SOARES
4579,2023,3,ELEGIVEL,Aprovado,201729510494485,CIEP 448 RUY FRAZAO SOARES
4627,2021,2,ELEGIVEL,Abandonou,201931940745585,CE BALTAZAR BERNARDINO
4627,2022,3,ELEGIVEL,Aprovado,201931940745585,CE DOUTOR LUCIANO PESTRE
4697,2021,2,ELEGIVEL,Transferido,201631850616256,CE CONSELHEIRO MACEDO SOARES
4697,2022,3,ELEGIVEL,Reprovado,201631850616256,CE MULLULO DA VEIGA
4697,2023,3,ELEGIVEL,Aprovado,201631850616256,CE MULLULO DA VEIGA
4701,2021,2,ELEGIVEL,Transferido,201632170216313,CE CONSELHEIRO MACEDO SOARES
4701,2022,3,ELEGIVEL,Reprovado,201632170216313,CE RAUL VIDAL
4718,2021,2,ELEGIVEL,Reprovado,201929960212610,CE DAVID CAPISTRANO
4718,2022,3,ELEGIVEL,Não avaliado,201929960212610,CE DAVID CAPISTRANO
4730,2021,2,ELEGIVEL,Aprovado,200913240017907,CE DOUTOR LUCIANO PESTRE
4730,2022,2,ELEGIVEL,Não avaliado,200913240017907,CE DOUTOR LUCIANO PESTRE
4906,2021,2,ELEGIVEL,Abandonou,202032090284638,CE MARIA PEREIRA DAS NEVES
4906,2022,3,ELEGIVEL,Dep.neste ano,202032090284638,CE MARIA PEREIRA DAS NEVES
4914,2021,2,ELEGIVEL,Aprovado,201732130374097,CE MULLULO DA VEIGA
4914,2022,2,ELEGIVEL,Não avaliado,201732130374097,CE MULLULO DA VEIGA
4919,2021,2,ELEGIVEL,Aprovado,201631900421453,CE MULLULO DA VEIGA
4919,2022,2,ELEGIVEL,Não avaliado,201631900421453,CE MULLULO DA VEIGA
4948,2021,2,ELEGIVEL,Reprovado,201431860385688,CE PAULO ASSIS RIBEIRO
4948,2023,2,ELEGIVEL,Não avaliado,201431860385688,CE BALTAZAR BERNARDINO
4948,2024,2,ELEGIVEL,Não avaliado,201431860385688,CE BALTAZAR BERNARDINO
4960,2021,2,ELEGIVEL,Transferido,202032230530891,CE PINTO LIMA
4960,2022,3,ELEGIVEL,Reprovado,202032230530891,CE RAUL VIDAL
4986,2021,2,ELEGIVEL,Aprovado,201432100257931,CE RAUL VIDAL
4986,2022,2,ELEGIVEL,Não avaliado,201432100257931,CE RAUL VIDAL
5025,2021,2,ELEGIVEL,Transferido,201115930072801,CIEP 448 RUY FRAZAO SOARES
5025,2022,3,ELEGIVEL,Reprovado,201115930072801,CE ALMIRANTE TAMANDARE
5072,2021,2,ELEGIVEL,Abandonou,201632140531253,LICEU NILO PECANHA
5072,2022,3,ELEGIVEL,Reprovado,201632140531253,CE DAVID CAPISTRANO
5073,2021,2,ELEGIVEL,Aprovado,201631830731629,LICEU NILO PECANHA
5073,2022,2,ELEGIVEL,Não avaliado,201631830731629,LICEU NILO PECANHA
5073,2023,2,ELEGIVEL,Não avaliado,201631830731629,LICEU NILO PECANHA
5076,2021,2,ELEGIVEL,Aprovado,201431960422410,LICEU NILO PECANHA
5076,2022,2,ELEGIVEL,Não avaliado,201431960422410,LICEU NILO PECANHA
5079,2021,2,ELEGIVEL,Aprovado,200932170070908,LICEU NILO PECANHA
5079,2022,2,ELEGIVEL,Não avaliado,200932170070908,LICEU NILO PECANHA
5096,2021,2,PRE-INSCRITO,Abandonou,201632300365747,LICEU NILO PECANHA
5096,2022,3,PRE-INSCRITO,Aprovado,201632300365747,CE PINTO LIMA
5098,2021,2,ELEGIVEL,Abandonou,201632170202606,LICEU NILO PECANHA
5098,2022,3,ELEGIVEL,Dep.neste ano,201632170202606,LICEU NILO PECANHA
5099,2021,2,ELEGIVEL,Aprovado,201932150564481,LICEU NILO PECANHA
5099,2022,2,ELEGIVEL,Não avaliado,201932150564481,LICEU NILO PECANHA
5102,2021,2,ELEGIVEL,Aprovado,200917810001682,LICEU NILO PECANHA
5102,2022,2,ELEGIVEL,Não avaliado,200917810001682,LICEU NILO PECANHA
5108,2021,2,ELEGIVEL,Aprovado,201732270102571,LICEU NILO PECANHA
5108,2022,2,ELEGIVEL,Não avaliado,201732270102571,LICEU NILO PECANHA
5108,2023,2,ELEGIVEL,Não avaliado,201732270102571,LICEU NILO PECANHA
5114,2021,2,ELEGIVEL,Abandonou,202131881619910,LICEU NILO PECANHA
5114,2022,3,ELEGIVEL,Aprovado,202131881619910,CE ALMIRANTE TAMANDARE
5117,2021,2,ELEGIVEL,Aprovado,201919340577011,LICEU NILO PECANHA
5117,2022,2,ELEGIVEL,Não avaliado,201919340577011,LICEU NILO PECANHA
5147,2021,9,ELEGIVEL,Aprovado,120582640538,E M JOAO BRAZIL
5147,2022,1,ELEGIVEL,Aprovado,202232261102078,CE RAUL VIDAL
5147,2023,2,ELEGIVEL,Reprovado,202232261102078,CE RAUL VIDAL
5147,2024,3,ELEGIVEL,Não avaliado,202232261102078,CE ZULEIKA RAPOSO VALLADARES
5191,2021,1,ELEGIVEL,Não avaliado,202131910540157,CE PAULO ASSIS RIBEIRO
5191,2022,2,ELEGIVEL,Dep.neste ano,202131910540157,CE PAULO ASSIS RIBEIRO
5191,2023,3,ELEGIVEL,Reprovado,202131910540157,CE PAULO ASSIS RIBEIRO
10466,2022,7,PRE-INSCRITO,Reprovado,121388362235,ESCOLA MUNICIPAL ALTIVO CESAR
10466,2024,9,ELEGIVEL,Não avaliado,121388362235,ESCOLA MUNICIPAL ALTIVO CESAR
10471,2022,7,CONCLUIDA,Reprovado,123393462589,ESCOLA MUNICIPAL ALTIVO CESAR
10471,2024,9,ELEGIVEL,Não avaliado,123393462589,ESCOLA MUNICIPAL ALTIVO CESAR
10472,2022,6,ELEGIVEL,Aprovado,123152495896,ESCOLA MUNICIPAL ALTIVO CESAR
10472,2024,9,ELEGIVEL,Não avaliado,123152495896,ESCOLA MUNICIPAL ALTIVO CESAR
10477,2022,6,ELEGIVEL,Aprovado,124265836576,ESCOLA MUNICIPAL ALTIVO CESAR
10477,2024,9,ELEGIVEL,Não avaliado,124265836576,ESCOLA MUNICIPAL ALTIVO CESAR
10527,2022,7,ELEGIVEL,Aprovado,121180333623,ESCOLA MUNICIPAL SANTOS DUMONT
10527,2023,9,ELEGIVEL,Aprovado,121180333623,ESCOLA MUNICIPAL SANTOS DUMONT
10527,2024,1,ELEGIVEL,Não avaliado,202431881740741,LICEU NILO PECANHA
10556,2022,7,ELEGIVEL,Reprovado,123818956633,E M FRANCISCO PORTUGAL NEVES
10556,2024,7,ELEGIVEL,Não avaliado,123818956633,E M FRANCISCO PORTUGAL NEVES
10559,2022,7,CONCLUIDA,Reprovado,122817412817,E M FRANCISCO PORTUGAL NEVES
10559,2023,8,CONCLUIDA,Reprovado,122817412817,E M FRANCISCO PORTUGAL NEVES
10568,2022,8,CONCLUIDA,Reprovado,121766896587,E M FRANCISCO PORTUGAL NEVES
10568,2023,9,CONCLUIDA,Transferido,121766896587,E M FRANCISCO PORTUGAL NEVES
10569,2022,8,ELEGIVEL,Aprovado,123631812719,E M FRANCISCO PORTUGAL NEVES
10569,2023,8,ELEGIVEL,Aprovado,123631812719,E M FRANCISCO PORTUGAL NEVES
10569,2024,1,ELEGIVEL,Não avaliado,202470130060271,CE JOAQUIM TAVORA
10570,2022,8,VALOR DEPOSITADO,Aprovado,123400179476,E M FRANCISCO PORTUGAL NEVES
10570,2023,8,CONCLUIDA,Aprovado,123400179476,E M FRANCISCO PORTUGAL NEVES
10570,2024,1,CONCLUIDA,Não avaliado,202470130060199,CE MATEMATICO JOAQUIM GOMES DE SOUSA - INTER-CULTURAL BRASIL-CHINA
10571,2022,8,VALOR DEPOSITADO,Aprovado,121929545737,E M FRANCISCO PORTUGAL NEVES
10571,2023,8,CONCLUIDA,Dep.neste ano,121929545737,E M FRANCISCO PORTUGAL NEVES
10572,2022,8,ELEGIVEL,Aprovado,121813949548,E M FRANCISCO PORTUGAL NEVES
10572,2023,8,ELEGIVEL,Aprovado,121813949548,E M FRANCISCO PORTUGAL NEVES
10572,2024,1,ELEGIVEL,Não avaliado,202432160526916,CE MARIA PEREIRA DAS NEVES
10573,2022,8,ELEGIVEL,Aprovado,122994708328,E M FRANCISCO PORTUGAL NEVES
10573,2023,8,ELEGIVEL,Dep.neste ano,122994708328,E M FRANCISCO PORTUGAL NEVES
10573,2024,1,ELEGIVEL,Não avaliado,202431930499836,CE ALMIRANTE TAMANDARE
10574,2022,8,VALOR DEPOSITADO,Aprovado,123546607154,E M FRANCISCO PORTUGAL NEVES
10574,2023,8,CONCLUIDA,Aprovado,123546607154,E M FRANCISCO PORTUGAL NEVES
10574,2024,1,CONCLUIDA,Não avaliado,202432150673185,CE MANUEL DE ABREU
10575,2022,8,VALOR DEPOSITADO,Aprovado,123620580005,E M FRANCISCO PORTUGAL NEVES
10575,2023,8,CONCLUIDA,Aprovado,123620580005,E M FRANCISCO PORTUGAL NEVES
10575,2024,1,CONCLUIDA,Não avaliado,202431881725513,LICEU NILO PECANHA
10578,2022,8,ELEGIVEL,Aprovado,122787208990,E M FRANCISCO PORTUGAL NEVES
10578,2023,8,ELEGIVEL,Aprovado,122787208990,E M FRANCISCO PORTUGAL NEVES
10581,2022,8,VALOR DEPOSITADO,Aprovado,122368829040,E M FRANCISCO PORTUGAL NEVES
10581,2023,8,CONCLUIDA,Aprovado,122368829040,E M FRANCISCO PORTUGAL NEVES
10581,2024,1,CONCLUIDA,Não avaliado,202031930414363,CE ALMIRANTE TAMANDARE
10583,2022,8,VALOR DEPOSITADO,Aprovado,121154609366,E M FRANCISCO PORTUGAL NEVES
10583,2023,8,CONCLUIDA,Aprovado,121154609366,E M FRANCISCO PORTUGAL NEVES
10583,2024,1,CONCLUIDA,Não avaliado,202431930500273,CE ALMIRANTE TAMANDARE
10584,2022,8,VALOR DEPOSITADO,Aprovado,121716270340,E M FRANCISCO PORTUGAL NEVES
10584,2023,8,CONCLUIDA,Aprovado,121716270340,E M FRANCISCO PORTUGAL NEVES
10584,2024,1,CONCLUIDA,Não avaliado,202431930501245,CE ALMIRANTE TAMANDARE
10585,2022,8,VALOR DEPOSITADO,Aprovado,122394900716,E M FRANCISCO PORTUGAL NEVES
10585,2023,8,CONCLUIDA,Aprovado,122394900716,E M FRANCISCO PORTUGAL NEVES
10585,2024,1,CONCLUIDA,Não avaliado,202432240579821,CE RAUL VIDAL
10586,2022,8,INSCRICAO PARCIAL,Aprovado,124024247459,E M FRANCISCO PORTUGAL NEVES
10586,2023,8,INSCRICAO PARCIAL,Aprovado,124024247459,E M FRANCISCO PORTUGAL NEVES
10587,2022,8,VALOR DEPOSITADO,Aprovado,123245213505,E M FRANCISCO PORTUGAL NEVES
10587,2023,8,CONCLUIDA,Aprovado,123245213505,E M FRANCISCO PORTUGAL NEVES
10587,2024,1,CONCLUIDA,Não avaliado,202470130059931,CE MATEMATICO JOAQUIM GOMES DE SOUSA - INTER-CULTURAL BRASIL-CHINA
10588,2022,8,VALOR DEPOSITADO,Aprovado,122221173138,E M FRANCISCO PORTUGAL NEVES
10588,2023,8,CONCLUIDA,Dep.neste ano,122221173138,E M FRANCISCO PORTUGAL NEVES
10588,2024,1,CONCLUIDA,Não avaliado,202432240589035,CE RAUL VIDAL
10589,2022,8,VALOR DEPOSITADO,Aprovado,121616184158,E M FRANCISCO PORTUGAL NEVES
10589,2023,8,CONCLUIDA,Reprovado,121616184158,E M FRANCISCO PORTUGAL NEVES
10590,2022,8,ELEGIVEL,Aprovado,123376145066,E M FRANCISCO PORTUGAL NEVES
10590,2023,8,ELEGIVEL,Aprovado,123376145066,E M FRANCISCO PORTUGAL NEVES
10590,2024,1,ELEGIVEL,Não avaliado,202431881729268,LICEU NILO PECANHA
10591,2022,8,ELEGIVEL,Aprovado,125377437925,E M FRANCISCO PORTUGAL NEVES
10591,2023,8,ELEGIVEL,Aprovado,125377437925,E M FRANCISCO PORTUGAL NEVES
10591,2024,1,ELEGIVEL,Não avaliado,202031960574733,CE RAUL VIDAL
10593,2022,8,VALOR DEPOSITADO,Aprovado,123482830265,E M FRANCISCO PORTUGAL NEVES
10593,2023,8,CONCLUIDA,Aprovado,123482830265,E M FRANCISCO PORTUGAL NEVES
10593,2024,1,CONCLUIDA,Não avaliado,202431881752911,LICEU NILO PECANHA
10596,2022,8,VALOR DEPOSITADO,Aprovado,124881477969,E M FRANCISCO PORTUGAL NEVES
10596,2023,8,CONCLUIDA,Aprovado,124881477969,E M FRANCISCO PORTUGAL NEVES
10596,2024,1,CONCLUIDA,Não avaliado,202432240581808,CE RAUL VIDAL
10597,2022,8,VALOR DEPOSITADO,Aprovado,121601752856,E M FRANCISCO PORTUGAL NEVES
10597,2023,8,CONCLUIDA,Dep.neste ano,121601752856,E M FRANCISCO PORTUGAL NEVES
10597,2024,1,CONCLUIDA,Não avaliado,202431910574743,CE PAULO ASSIS RIBEIRO
10599,2022,8,VALOR DEPOSITADO,Aprovado,125352819611,E M FRANCISCO PORTUGAL NEVES
10599,2023,8,CONCLUIDA,Aprovado,125352819611,E M FRANCISCO PORTUGAL NEVES
10599,2024,1,CONCLUIDA,Não avaliado,202015930324893,CE ALMIRANTE TAMANDARE
10600,2022,8,VALOR DEPOSITADO,Aprovado,122833567765,E M FRANCISCO PORTUGAL NEVES
10600,2023,8,CONCLUIDA,Aprovado,122833567765,E M FRANCISCO PORTUGAL NEVES
10600,2024,1,CONCLUIDA,Não avaliado,202432240584157,CE RAUL VIDAL
10601,2022,8,VALOR DEPOSITADO,Aprovado,122978867727,E M FRANCISCO PORTUGAL NEVES
10601,2023,8,CONCLUIDA,Aprovado,122978867727,E M FRANCISCO PORTUGAL NEVES
10601,2024,1,CONCLUIDA,Não avaliado,202016170135610,CE RAUL VIDAL
10602,2022,8,VALOR DEPOSITADO,Aprovado,122974447880,E M FRANCISCO PORTUGAL NEVES
10602,2023,8,CONCLUIDA,Transferido,122974447880,E M FRANCISCO PORTUGAL NEVES
10604,2022,8,VALOR DEPOSITADO,Aprovado,123486174397,E M FRANCISCO PORTUGAL NEVES
10604,2023,8,CONCLUIDA,Aprovado,123486174397,E M FRANCISCO PORTUGAL NEVES
10604,2024,1,CONCLUIDA,Não avaliado,202431881752839,LICEU NILO PECANHA
10605,2022,8,VALOR DEPOSITADO,Aprovado,122201147670,E M FRANCISCO PORTUGAL NEVES
10605,2023,8,CONCLUIDA,Dep.neste ano,122201147670,E M FRANCISCO PORTUGAL NEVES
10605,2024,1,CONCLUIDA,Não avaliado,202432240586110,CE RAUL VIDAL
10606,2022,8,ELEGIVEL,Aprovado,121154761311,E M FRANCISCO PORTUGAL NEVES
10606,2023,8,ELEGIVEL,Dep.neste ano,121154761311,E M FRANCISCO PORTUGAL NEVES
10606,2024,1,ELEGIVEL,Não avaliado,202031960573761,CIEP 448 RUY FRAZAO SOARES
10607,2022,8,VALOR DEPOSITADO,Aprovado,121458748790,E M FRANCISCO PORTUGAL NEVES
10607,2023,8,CONCLUIDA,Aprovado,121458748790,E M FRANCISCO PORTUGAL NEVES
10607,2024,1,CONCLUIDA,Não avaliado,202431870975645,CE JOAQUIM TAVORA
10608,2022,8,EMAIL NAO CONFIRMADO,Aprovado,119485117204,E M FRANCISCO PORTUGAL NEVES
10608,2023,8,EMAIL NAO CONFIRMADO,Reprovado,119485117204,E M FRANCISCO PORTUGAL NEVES
10610,2022,8,ELEGIVEL,Aprovado,121654878897,E M FRANCISCO PORTUGAL NEVES
10610,2023,8,ELEGIVEL,Reprovado,121654878897,E M FRANCISCO PORTUGAL NEVES
10612,2022,8,ELEGIVEL,Aprovado,127524322592,E M FRANCISCO PORTUGAL NEVES
10612,2023,8,ELEGIVEL,Aprovado,127524322592,E M FRANCISCO PORTUGAL NEVES
10612,2024,1,ELEGIVEL,Não avaliado,202417730133689,CIEP 449 GOVERNADOR LEONEL DE MOURA BRIZOLA BRASIL FRANCA
10616,2022,8,VALOR DEPOSITADO,Aprovado,123206469570,E M FRANCISCO PORTUGAL NEVES
10616,2023,8,CONCLUIDA,Aprovado,123206469570,E M FRANCISCO PORTUGAL NEVES
10616,2024,1,CONCLUIDA,Não avaliado,202431870985608,CE JOAQUIM TAVORA
10617,2022,8,VALOR DEPOSITADO,Aprovado,122772079006,E M FRANCISCO PORTUGAL NEVES
10617,2023,8,CONCLUIDA,Dep.neste ano,122772079006,E M FRANCISCO PORTUGAL NEVES
10617,2024,1,CONCLUIDA,Não avaliado,202432240587091,CE RAUL VIDAL
10618,2022,8,ELEGIVEL,Aprovado,123614052299,E M FRANCISCO PORTUGAL NEVES
10618,2023,8,ELEGIVEL,Reprovado,123614052299,E M FRANCISCO PORTUGAL NEVES
10618,2024,9,ELEGIVEL,Não avaliado,123614052299,E M FRANCISCO PORTUGAL NEVES
10631,2022,9,INSCRICAO PARCIAL,Aprovado,120678608015,E M FRANCISCO PORTUGAL NEVES
10631,2023,9,INSCRICAO PARCIAL,Dep.neste ano,120678608015,E M FRANCISCO PORTUGAL NEVES
10631,2024,1,INSCRICAO PARCIAL,Não avaliado,202432240584823,CE ALMIRANTE TAMANDARE
10672,2022,9,VALOR DEPOSITADO,Aprovado,123455804887,ESCOLA MUNICIPAL ALTIVO CESAR
10672,2023,1,CONCLUIDA,Reprovado,202332261134758,CE RAUL VIDAL
10672,2024,2,CONCLUIDA,Não avaliado,202332261134758,CE ZULEIKA RAPOSO VALLADARES
10677,2022,6,ELEGIVEL,Reprovado,124209867500,ESCOLA MUNICIPAL ALTIVO CESAR
10677,2024,8,ELEGIVEL,Não avaliado,124209867500,ESCOLA MUNICIPAL ALTIVO CESAR
10711,2022,6,ELEGIVEL,Aprovado,127363522200,ESCOLA MUNICIPAL ANTINEIA SILVEIRA MIRANDA
10711,2024,7,ELEGIVEL,Não avaliado,127363522200,ESCOLA MUNICIPAL ANTINEIA SILVEIRA MIRANDA
10716,2022,6,ELEGIVEL,Reprovado,125179708906,ESCOLA MUNICIPAL ANTINEIA SILVEIRA MIRANDA
10716,2024,7,ELEGIVEL,Não avaliado,125179708906,E M RACHIDE DA GLORIA SALIM SAKER
10737,2022,7,ELEGIVEL,Aprovado,130227116703,ESCOLA MUNICIPAL ANTINEIA SILVEIRA MIRANDA
10737,2023,8,ELEGIVEL,Aprovado,202332100453610,CE HILARIO RIBEIRO
10737,2024,1,ELEGIVEL,Não avaliado,202431890568816,CE MACHADO DE ASSIS
10803,2022,7,VALOR DEPOSITADO,Aprovado,123521483249,E M MAESTRO HEITOR VILLA LOBOS
10803,2023,9,CONCLUIDA,Reprovado,123521483249,E M MAESTRO HEITOR VILLA LOBOS
10803,2024,9,CONCLUIDA,Não avaliado,123521483249,E M MAESTRO HEITOR VILLA LOBOS
10804,2022,7,PRE-INSCRITO,Reprovado,123516836414,E M MAESTRO HEITOR VILLA LOBOS
10804,2023,7,PRE-INSCRITO,Aprovado,123516836414,E M MAESTRO HEITOR VILLA LOBOS
10804,2024,9,PRE-INSCRITO,Não avaliado,123516836414,E M MAESTRO HEITOR VILLA LOBOS
10805,2022,7,ELEGIVEL,Aprovado,124109808307,E M MAESTRO HEITOR VILLA LOBOS
10805,2023,9,ELEGIVEL,Abandonou,124109808307,E M MAESTRO HEITOR VILLA LOBOS
10830,2022,6,ELEGIVEL,Aprovado,123268267873,E M PAULO FREIRE
10830,2024,7,ELEGIVEL,Não avaliado,123268267873,E M PAULO FREIRE
10834,2022,6,VALOR DEPOSITADO,Aprovado,122532878907,E M PAULO FREIRE
10834,2023,8,CONCLUIDA,Aprovado,122532878907,E M PAULO FREIRE
10834,2024,9,CONCLUIDA,Não avaliado,122532878907,E M PAULO FREIRE
10882,2022,7,ELEGIVEL,Reprovado,122613423225,E M PAULO FREIRE
10882,2023,7,ELEGIVEL,Aprovado,122613423225,E M PAULO FREIRE
10882,2024,9,ELEGIVEL,Não avaliado,122613423225,E M PAULO FREIRE
10913,2022,6,ELEGIVEL,Aprovado,123125185890,ESCOLA MUNICIPAL ALTIVO CESAR
10913,2024,8,ELEGIVEL,Não avaliado,123125185890,ESCOLA MUNICIPAL ALTIVO CESAR
10920,2022,7,CONCLUIDA,Dep.neste ano,123414738901,ESCOLA MUNICIPAL ALTIVO CESAR
10920,2023,8,CONCLUIDA,Reprovado,123414738901,ESCOLA MUNICIPAL ALTIVO CESAR
10920,2024,9,CONCLUIDA,Não avaliado,123414738901,ESCOLA MUNICIPAL ALTIVO CESAR
10921,2022,7,ELEGIVEL,Abandonou,123497777152,ESCOLA MUNICIPAL ALTIVO CESAR
10921,2024,7,ELEGIVEL,Não avaliado,123497777152,ESCOLA MUNICIPAL ALTIVO CESAR
10942,2022,7,CONCLUIDA,Reprovado,122230433643,ESCOLA MUNICIPAL ALTIVO CESAR
10942,2024,9,ELEGIVEL,Não avaliado,122230433643,ESCOLA MUNICIPAL ALTIVO CESAR
10961,2022,6,ELEGIVEL,Aprovado,124364695393,ESCOLA MUNICIPAL ALTIVO CESAR
10961,2024,7,ELEGIVEL,Não avaliado,124364695393,ESCOLA MUNICIPAL ALTIVO CESAR
11036,2022,7,VALOR DEPOSITADO,Aprovado,123938330057,E M FRANCISCO PORTUGAL NEVES
11036,2023,9,CONCLUIDA,Aprovado,123938330057,E M FRANCISCO PORTUGAL NEVES
11036,2024,1,CONCLUIDA,Não avaliado,202431910576110,CE PAULO ASSIS RIBEIRO
11037,2022,7,ELEGIVEL,Aprovado,123387159187,E M FRANCISCO PORTUGAL NEVES
11037,2023,9,ELEGIVEL,Aprovado,123387159187,E M FRANCISCO PORTUGAL NEVES
11037,2024,1,ELEGIVEL,Não avaliado,202432240580593,CE RAUL VIDAL
11039,2022,7,PRE-INSCRITO,Aprovado,121864263740,E M FRANCISCO PORTUGAL NEVES
11039,2023,9,PRE-INSCRITO,Reprovado,121864263740,E M FRANCISCO PORTUGAL NEVES
11042,2022,7,ELEGIVEL,Aprovado,121698127412,E M FRANCISCO PORTUGAL NEVES
11042,2023,9,ELEGIVEL,Aprovado,121698127412,E M FRANCISCO PORTUGAL NEVES
11042,2024,1,ELEGIVEL,Não avaliado,202432240580674,CE RAUL VIDAL
11080,2022,6,ELEGIVEL,Abandonou,122949291367,E M RACHIDE DA GLORIA SALIM SAKER
11080,2024,7,ELEGIVEL,Não avaliado,122949291367,E M JOAO BRAZIL
11100,2022,7,ELEGIVEL,Dep.neste ano,123807714307,E M RACHIDE DA GLORIA SALIM SAKER
11100,2023,7,ELEGIVEL,Aprovado,123807714307,E M RACHIDE DA GLORIA SALIM SAKER
11100,2024,8,ELEGIVEL,Não avaliado,123807714307,E M RACHIDE DA GLORIA SALIM SAKER
11101,2022,7,PRE-INSCRITO,Abandonou,124356116843,E M RACHIDE DA GLORIA SALIM SAKER
11101,2024,7,ELEGIVEL,Não avaliado,124356116843,E M RACHIDE DA GLORIA SALIM SAKER
11112,2022,7,ELEGIVEL,Reprovado,121529608405,E M RACHIDE DA GLORIA SALIM SAKER
11112,2023,7,ELEGIVEL,Aprovado,121529608405,E M RACHIDE DA GLORIA SALIM SAKER
11112,2024,9,ELEGIVEL,Não avaliado,121529608405,E M RACHIDE DA GLORIA SALIM SAKER
11114,2022,7,INSCRICAO PARCIAL,Dep.neste ano,123617122107,E M RACHIDE DA GLORIA SALIM SAKER
11114,2023,8,INSCRICAO PARCIAL,Reprovado,123617122107,E M RACHIDE DA GLORIA SALIM SAKER
11114,2024,9,INSCRICAO PARCIAL,Não avaliado,123617122107,E M RACHIDE DA GLORIA SALIM SAKER
11118,2022,7,INSCRICAO PARCIAL,Reprovado,119993800537,E M RACHIDE DA GLORIA SALIM SAKER
11118,2024,9,ELEGIVEL,Não avaliado,119993800537,E M RACHIDE DA GLORIA SALIM SAKER
11122,2022,7,CONCLUIDA,Reprovado,122958612413,E M RACHIDE DA GLORIA SALIM SAKER
11122,2023,7,CONCLUIDA,Aprovado,122958612413,E M RACHIDE DA GLORIA SALIM SAKER
11122,2024,9,CONCLUIDA,Não avaliado,122958612413,E M RACHIDE DA GLORIA SALIM SAKER
11125,2022,7,ELEGIVEL,Aprovado,122508348812,E M RACHIDE DA GLORIA SALIM SAKER
11125,2023,9,ELEGIVEL,Reprovado,122508348812,E M RACHIDE DA GLORIA SALIM SAKER
11125,2024,9,ELEGIVEL,Não avaliado,202432100473001,CE HILARIO RIBEIRO
11158,2022,6,PRE-INSCRITO,Reprovado,124331902071,E M DR ALBERTO FRANCISCO TORRES
11158,2023,7,PRE-INSCRITO,Abandonou,124331902071,E M DR ALBERTO FRANCISCO TORRES
11158,2024,7,PRE-INSCRITO,Não avaliado,202432261168543,CE ZULEIKA RAPOSO VALLADARES
11186,2022,7,ELEGIVEL,Aprovado,123462534300,E M DR ALBERTO FRANCISCO TORRES
11186,2023,7,ELEGIVEL,Reprovado,202331870967220,CE JOAQUIM TAVORA
11186,2024,7,ELEGIVEL,Não avaliado,202331870967220,CE JOAQUIM TAVORA
11201,2022,7,PRE-INSCRITO,Reprovado,122409798526,E M PAULO FREIRE
11201,2023,7,PRE-INSCRITO,Aprovado,122409798526,E M PAULO FREIRE
11201,2024,9,PRE-INSCRITO,Não avaliado,122409798526,E M PAULO FREIRE
11212,2022,7,PRE-INSCRITO,Aprovado,120765680008,E M PAULO FREIRE
11212,2023,9,PRE-INSCRITO,Aprovado,120765680008,E M PAULO FREIRE
11213,2022,7,CONCLUIDA,Reprovado,121975427024,E M PAULO FREIRE
11213,2023,8,CONCLUIDA,Aprovado,202232100438740,CE HILARIO RIBEIRO
11213,2024,9,CONCLUIDA,Não avaliado,202232100438740,CE HILARIO RIBEIRO
11217,2022,7,ELEGIVEL,Aprovado,124380033758,E M PAULO FREIRE
11217,2023,9,ELEGIVEL,Aprovado,124380033758,E M PAULO FREIRE
11218,2022,7,INSCRICAO PARCIAL,Aprovado,122479719382,E M PAULO FREIRE
11218,2023,9,INSCRICAO PARCIAL,Aprovado,122479719382,E M PAULO FREIRE
11218,2024,1,INSCRICAO PARCIAL,Não avaliado,202431890567178,CE MACHADO DE ASSIS
11219,2022,7,ELEGIVEL,Aprovado,123384331140,E M PAULO FREIRE
11219,2023,9,ELEGIVEL,Aprovado,123384331140,E M PAULO FREIRE
11219,2024,1,ELEGIVEL,Não avaliado,202431910575987,CE JOAQUIM TAVORA
11220,2022,7,ELEGIVEL,Reprovado,123670109357,E M PAULO FREIRE
11220,2023,7,ELEGIVEL,Aprovado,123670109357,E M PAULO FREIRE
11220,2024,9,ELEGIVEL,Não avaliado,123670109357,E M PAULO FREIRE
11242,2022,9,ELEGIVEL,Aprovado,124032335795,E M PAULO FREIRE
11242,2023,9,ELEGIVEL,Transferido,202332000500696,CE DOUTOR LUCIANO PESTRE
11265,2022,9,ELEGIVEL,Aprovado,120742342289,E M PAULO FREIRE
11265,2023,9,ELEGIVEL,Abandonou,202332100451735,CE HILARIO RIBEIRO
11265,2024,9,ELEGIVEL,Não avaliado,202332100451735,CE BALTAZAR BERNARDINO
11267,2022,9,ELEGIVEL,Reprovado,123843398851,E M PAULO FREIRE
11267,2023,8,ELEGIVEL,Abandonou,202332000501072,CE DOUTOR LUCIANO PESTRE
11306,2022,6,ELEGIVEL,Reprovado,130160210720,E M LEVI CARNEIRO
11306,2023,6,ELEGIVEL,Abandonou,130160210720,E M LEVI CARNEIRO
11306,2024,8,ELEGIVEL,Não avaliado,202417820514479,CIEP 450 DI CAVALCANTI
11342,2022,6,ELEGIVEL,Aprovado,125331996301,E M LEVI CARNEIRO
11342,2023,6,ELEGIVEL,Aprovado,125331996301,E M LEVI CARNEIRO
11342,2024,7,ELEGIVEL,Não avaliado,125331996301,E M LEVI CARNEIRO
11414,2022,7,ELEGIVEL,Reprovado,123206678063,E M JOAO BRAZIL
11414,2023,8,ELEGIVEL,Reprovado,123206678063,E M JOAO BRAZIL
11418,2022,7,ELEGIVEL,Reprovado,121730771555,E M JOAO BRAZIL
11418,2024,8,ELEGIVEL,Não avaliado,121730771555,E M DR ALBERTO FRANCISCO TORRES
11421,2022,7,ELEGIVEL,Reprovado,123390433600,E M JOAO BRAZIL
11421,2023,9,ELEGIVEL,Transferido,123390433600,E M JOAO BRAZIL
11421,2024,7,ELEGIVEL,Não avaliado,202429860410491,CE CONSELHEIRO JOSINO
11445,2022,7,VALOR DEPOSITADO,Aprovado,123873047054,E M JOAO BRAZIL
11445,2024,9,ELEGIVEL,Não avaliado,123873047054,E M JOAO BRAZIL
11455,2022,7,PRE-INSCRITO,Reprovado,124896934414,E M JOAO BRAZIL
11455,2023,9,PRE-INSCRITO,Reprovado,124896934414,E M JOAO BRAZIL
11455,2024,9,PRE-INSCRITO,Não avaliado,124896934414,E M JOAO BRAZIL
11457,2022,7,ELEGIVEL,Aprovado,122407137395,E M JOAO BRAZIL
11457,2023,9,ELEGIVEL,Aprovado,122407137395,E M JOAO BRAZIL
11457,2024,1,ELEGIVEL,Não avaliado,202432261169000,CE ZULEIKA RAPOSO VALLADARES
11458,2022,7,INSCRICAO PARCIAL,Aprovado,121954807006,E M JOAO BRAZIL
11458,2023,9,INSCRICAO PARCIAL,Aprovado,121954807006,E M JOAO BRAZIL
11458,2024,1,INSCRICAO PARCIAL,Não avaliado,202431881736981,LICEU NILO PECANHA
11459,2022,7,ELEGIVEL,Aprovado,121013825470,E M JOAO BRAZIL
11459,2023,9,ELEGIVEL,Reprovado,202331850928947,CE CONSELHEIRO MACEDO SOARES
11459,2024,9,ELEGIVEL,Não avaliado,202331850928947,CE CONSELHEIRO MACEDO SOARES
11460,2022,7,ELEGIVEL,Reprovado,124334254178,E M JOAO BRAZIL
11460,2023,7,ELEGIVEL,Aprovado,124334254178,E M JOAO BRAZIL
11460,2024,9,ELEGIVEL,Não avaliado,124334254178,E M JOAO BRAZIL
11461,2022,7,ELEGIVEL,Aprovado,123205210971,E M JOAO BRAZIL
11461,2023,9,ELEGIVEL,Aprovado,123205210971,E M JOAO BRAZIL
11461,2024,1,ELEGIVEL,Não avaliado,202432100474081,CE HILARIO RIBEIRO
11475,2022,8,ELEGIVEL,Reprovado,121551995203,E M JOAO BRAZIL
11475,2023,9,ELEGIVEL,Aprovado,121551995203,E M JOAO BRAZIL
11561,2022,8,INSCRICAO PARCIAL,Aprovado,119273464520,E M DR ALBERTO FRANCISCO TORRES
11561,2023,1,INSCRICAO PARCIAL,Reprovado,202331840363386,CE BRIGADEIRO CASTRIOTO
11561,2024,1,INSCRICAO PARCIAL,Não avaliado,202331840363386,CE BRIGADEIRO CASTRIOTO
11562,2022,8,PRE-INSCRITO,Aprovado,120531522490,E M DR ALBERTO FRANCISCO TORRES
11562,2023,1,PRE-INSCRITO,Reprovado,202331840363467,CE BRIGADEIRO CASTRIOTO
11562,2024,1,PRE-INSCRITO,Não avaliado,202331840363467,CE BRIGADEIRO CASTRIOTO
11605,2022,6,ELEGIVEL,Aprovado,124090996022,E M FRANCISCO PORTUGAL NEVES
11605,2023,6,ELEGIVEL,Reprovado,124090996022,E M FRANCISCO PORTUGAL NEVES
11605,2024,7,ELEGIVEL,Não avaliado,124090996022,E M FRANCISCO PORTUGAL NEVES
11634,2022,6,ELEGIVEL,Reprovado,122988841534,E M FRANCISCO PORTUGAL NEVES
11634,2023,7,ELEGIVEL,Transferido,122988841534,E M FRANCISCO PORTUGAL NEVES
11646,2022,6,ELEGIVEL,Reprovado,123814892150,E M FRANCISCO PORTUGAL NEVES
11646,2023,7,ELEGIVEL,Reprovado,123814892150,E M FRANCISCO PORTUGAL NEVES
11646,2024,7,ELEGIVEL,Não avaliado,123814892150,E M FRANCISCO PORTUGAL NEVES
11660,2022,7,VALOR DEPOSITADO,Aprovado,122788581148,E M FRANCISCO PORTUGAL NEVES
11660,2023,7,CONCLUIDA,Aprovado,122788581148,E M FRANCISCO PORTUGAL NEVES
11660,2024,9,CONCLUIDA,Não avaliado,122788581148,E M FRANCISCO PORTUGAL NEVES
11678,2022,7,ELEGIVEL,Reprovado,121497192748,E M FRANCISCO PORTUGAL NEVES
11678,2023,7,ELEGIVEL,Aprovado,121497192748,E M FRANCISCO PORTUGAL NEVES
11678,2024,9,ELEGIVEL,Não avaliado,121497192748,E M FRANCISCO PORTUGAL NEVES
11702,2022,7,VALOR DEPOSITADO,Aprovado,125129398717,E M FRANCISCO PORTUGAL NEVES
11702,2024,9,ELEGIVEL,Não avaliado,125129398717,E M FRANCISCO PORTUGAL NEVES
11706,2022,7,PRE-INSCRITO,Dep.neste ano,123113435560,E M RACHIDE DA GLORIA SALIM SAKER
11706,2023,8,PRE-INSCRITO,Reprovado,123113435560,E M RACHIDE DA GLORIA SALIM SAKER
11706,2024,9,PRE-INSCRITO,Não avaliado,123113435560,E M RACHIDE DA GLORIA SALIM SAKER
11712,2022,7,ELEGIVEL,Aprovado,122532219296,E M RACHIDE DA GLORIA SALIM SAKER
11712,2023,9,ELEGIVEL,Aprovado,122532219296,E M RACHIDE DA GLORIA SALIM SAKER
11712,2024,1,ELEGIVEL,Não avaliado,202419340678989,CE DAVID CAPISTRANO
11717,2022,7,PRE-INSCRITO,Reprovado,191100536972,E M RACHIDE DA GLORIA SALIM SAKER
11717,2023,7,PRE-INSCRITO,Aprovado,191100536972,E M RACHIDE DA GLORIA SALIM SAKER
11717,2024,9,PRE-INSCRITO,Não avaliado,120619395469,E M RACHIDE DA GLORIA SALIM SAKER
11720,2022,8,ELEGIVEL,Reprovado,123844177700,E M RACHIDE DA GLORIA SALIM SAKER
11720,2024,9,ELEGIVEL,Não avaliado,123844177700,E M RACHIDE DA GLORIA SALIM SAKER
11772,2022,8,ELEGIVEL,Reprovado,122764812182,E M LEVI CARNEIRO
11772,2023,9,ELEGIVEL,Aprovado,202031870870554,CIEP 450 DI CAVALCANTI
11772,2024,1,ELEGIVEL,Não avaliado,202031870870554,CE JOAQUIM TAVORA
11813,2022,9,ELEGIVEL,Reprovado,122794212086,E M LEVI CARNEIRO
11813,2023,9,ELEGIVEL,Reprovado,202317820489370,CIEP 450 DI CAVALCANTI
11813,2024,1,ELEGIVEL,Não avaliado,202317820489370,IE PROFESSOR ISMAEL COUTINHO
11835,2022,7,VALOR DEPOSITADO,Aprovado,123653637685,E M LEVI CARNEIRO
11835,2023,9,CONCLUIDA,Aprovado,123653637685,E M LEVI CARNEIRO
11835,2024,1,CONCLUIDA,Não avaliado,202431940851771,CE BALTAZAR BERNARDINO
11838,2022,7,ELEGIVEL,Aprovado,125365487833,E M LEVI CARNEIRO
11838,2023,9,ELEGIVEL,Reprovado,125365487833,E M LEVI CARNEIRO
11838,2024,9,ELEGIVEL,Não avaliado,202432140737059,CE LEOPOLDO FROES
11855,2022,6,ELEGIVEL,Reprovado,124267044545,E M MAESTRO HEITOR VILLA LOBOS
11855,2023,6,ELEGIVEL,Reprovado,124267044545,E M MAESTRO HEITOR VILLA LOBOS
11855,2024,7,ELEGIVEL,Não avaliado,124267044545,E M MAESTRO HEITOR VILLA LOBOS
11892,2022,7,ELEGIVEL,Reprovado,123406200582,E M MAESTRO HEITOR VILLA LOBOS
11892,2023,7,ELEGIVEL,Aprovado,123406200582,E M MAESTRO HEITOR VILLA LOBOS
11892,2024,9,ELEGIVEL,Não avaliado,123406200582,E M MAESTRO HEITOR VILLA LOBOS
11925,2022,8,PRE-INSCRITO,Reprovado,123591512159,E M HONORINA DE CARVALHO
11925,2023,9,PRE-INSCRITO,Aprovado,123591512159,E M HONORINA DE CARVALHO
12064,2022,6,PRE-INSCRITO,Aprovado,123664373153,ESCOLA MUNICIPAL SANTOS DUMONT
12064,2023,7,PRE-INSCRITO,Aprovado,123664373153,ESCOLA MUNICIPAL SANTOS DUMONT
12064,2024,9,PRE-INSCRITO,Não avaliado,123664373153,ESCOLA MUNICIPAL SANTOS DUMONT
12065,2022,6,PRE-INSCRITO,Aprovado,123302336712,ESCOLA MUNICIPAL SANTOS DUMONT
12065,2023,7,PRE-INSCRITO,Aprovado,123302336712,ESCOLA MUNICIPAL SANTOS DUMONT
12065,2024,9,PRE-INSCRITO,Não avaliado,123302336712,ESCOLA MUNICIPAL SANTOS DUMONT
12083,2022,9,INSCRICAO PARCIAL,Reprovado,121104517425,E M RACHIDE DA GLORIA SALIM SAKER
12083,2023,1,INSCRICAO PARCIAL,Dep.outros anos,202331910564032,CE PAULO ASSIS RIBEIRO
12083,2024,2,INSCRICAO PARCIAL,Não avaliado,202331910564032,CE PAULO ASSIS RIBEIRO
12123,2022,7,ELEGIVEL,Aprovado,124901878564,E M RACHIDE DA GLORIA SALIM SAKER
12123,2023,9,ELEGIVEL,Aprovado,124901878564,E M RACHIDE DA GLORIA SALIM SAKER
12123,2024,1,ELEGIVEL,Não avaliado,202419340681181,CE DAVID CAPISTRANO
12125,2022,7,INSCRICAO PARCIAL,Aprovado,121530966344,E M RACHIDE DA GLORIA SALIM SAKER
12125,2023,9,INSCRICAO PARCIAL,Aprovado,121530966344,E M RACHIDE DA GLORIA SALIM SAKER
12126,2022,7,ELEGIVEL,Aprovado,125234082104,E M RACHIDE DA GLORIA SALIM SAKER
12126,2023,9,ELEGIVEL,Reprovado,202332000501668,CE DOUTOR LUCIANO PESTRE
12126,2024,9,ELEGIVEL,Não avaliado,202332000501668,CE CONSELHEIRO JOSINO
12144,2022,6,ELEGIVEL,Abandonou,126051779980,ESCOLA MUNICIPAL SANTOS DUMONT
12144,2023,6,ELEGIVEL,Reprovado,202332300596338,IE PROFESSOR ISMAEL COUTINHO
12144,2024,7,ELEGIVEL,Não avaliado,202332300596338,IE PROFESSOR ISMAEL COUTINHO
12153,2022,6,PRE-INSCRITO,Aprovado,125354200821,ESCOLA MUNICIPAL ALTIVO CESAR
12153,2024,8,ELEGIVEL,Não avaliado,125354200821,ESCOLA MUNICIPAL ALTIVO CESAR
12198,2022,6,ELEGIVEL,Aprovado,123167042981,ESCOLA MUNICIPAL ALTIVO CESAR
12198,2024,7,ELEGIVEL,Não avaliado,123167042981,ESCOLA MUNICIPAL ALTIVO CESAR
12206,2022,6,ELEGIVEL,Aprovado,123762358043,ESCOLA MUNICIPAL ALTIVO CESAR
12206,2024,9,ELEGIVEL,Não avaliado,123762358043,ESCOLA MUNICIPAL ALTIVO CESAR
12207,2022,6,ELEGIVEL,Aprovado,123139302702,ESCOLA MUNICIPAL ALTIVO CESAR
12207,2024,7,ELEGIVEL,Não avaliado,123139302702,ESCOLA MUNICIPAL ALTIVO CESAR
19761,2022,6,ELEGIVEL,Reprovado,202231870934679,CE JOAQUIM TAVORA
19761,2023,6,ELEGIVEL,Reprovado,202231870934679,CE JOAQUIM TAVORA
19761,2024,7,ELEGIVEL,Não avaliado,202231870934679,CE JOSE BONIFACIO
19768,2022,6,ELEGIVEL,Reprovado,202217820473486,CIEP 450 DI CAVALCANTI
19768,2023,6,ELEGIVEL,Reprovado,202217820473486,CIEP 450 DI CAVALCANTI
19768,2024,7,ELEGIVEL,Não avaliado,202217820473486,CIEP 450 DI CAVALCANTI
19833,2022,8,ELEGIVEL,Aprovado,201931940734461,CE BALTAZAR BERNARDINO
19833,2023,8,ELEGIVEL,Reprovado,201931940734461,CE LEOPOLDO FROES
19848,2022,8,ELEGIVEL,Aprovado,202031940772807,CE BALTAZAR BERNARDINO
19848,2023,8,ELEGIVEL,Transferido,202031940772807,CE DOUTOR LUCIANO PESTRE
19850,2022,9,ELEGIVEL,Reprovado,201831940714039,CE BALTAZAR BERNARDINO
19850,2023,1,ELEGIVEL,Reprovado,202332300603482,IE PROFESSOR ISMAEL COUTINHO
19850,2024,1,ELEGIVEL,Não avaliado,202332300603482,LICEU NILO PECANHA
19861,2022,8,ELEGIVEL,Dep.neste ano,202031940757761,CE BALTAZAR BERNARDINO
19861,2023,8,ELEGIVEL,Dep.neste ano,202031940757761,CE BALTAZAR BERNARDINO
19861,2024,9,ELEGIVEL,Não avaliado,202031940757761,CE BALTAZAR BERNARDINO
19866,2022,8,ELEGIVEL,Reprovado,202031940774265,CE BALTAZAR BERNARDINO
19866,2023,9,ELEGIVEL,Transferido,202031940774265,CE BALTAZAR BERNARDINO
19866,2024,1,ELEGIVEL,Não avaliado,202031940774265,IE PROFESSOR ISMAEL COUTINHO
19872,2022,1,ELEGIVEL,Dep.neste ano,202231940807410,CE BALTAZAR BERNARDINO
19872,2023,1,ELEGIVEL,Reprovado,202231940807410,CE BALTAZAR BERNARDINO
19872,2024,1,ELEGIVEL,Não avaliado,202231940807410,CE BALTAZAR BERNARDINO
19873,2022,6,ELEGIVEL,Reprovado,202231940816068,CE BALTAZAR BERNARDINO
19873,2023,6,ELEGIVEL,Reprovado,202231940816068,CE BALTAZAR BERNARDINO
19873,2024,7,ELEGIVEL,Não avaliado,202231940816068,CE BALTAZAR BERNARDINO
19880,2022,8,CONCLUIDA,Reprovado,202031940777019,CE BALTAZAR BERNARDINO
19880,2023,9,CONCLUIDA,Transferido,202031940777019,CE BALTAZAR BERNARDINO
19880,2024,9,CONCLUIDA,Não avaliado,202031940777019,CE JOAQUIM TAVORA
19897,2022,6,ELEGIVEL,Reprovado,202231940807662,CE BALTAZAR BERNARDINO
19897,2023,6,ELEGIVEL,Reprovado,202231940807662,CE MANUEL DE ABREU
19897,2024,7,ELEGIVEL,Não avaliado,202231940807662,CE MANUEL DE ABREU
19900,2022,6,ELEGIVEL,Dep.neste ano,202231940813476,CE BALTAZAR BERNARDINO
19900,2023,6,ELEGIVEL,Aprovado,202231940813476,CE BALTAZAR BERNARDINO
19900,2024,7,ELEGIVEL,Não avaliado,202231940813476,CE BALTAZAR BERNARDINO
19901,2022,1,ELEGIVEL,Reprovado,202229791553410,CE BALTAZAR BERNARDINO
19901,2023,2,ELEGIVEL,Aprovado,202229791553410,CE CIZINIO SOARES PINTO
19902,2022,6,ELEGIVEL,Reprovado,202231940817625,CE BALTAZAR BERNARDINO
19902,2023,7,ELEGIVEL,Aprovado,202231940817625,CE BALTAZAR BERNARDINO
19902,2024,8,ELEGIVEL,Não avaliado,202231940817625,CE BALTAZAR BERNARDINO
19903,2022,9,ELEGIVEL,Reprovado,201831940714624,CE BALTAZAR BERNARDINO
19903,2023,1,ELEGIVEL,Aprovado,202232140692151,CE GUILHERME BRIGGS
19988,2022,6,EMAIL NAO CONFIRMADO,Reprovado,202216170172179,CIEP 307 DJANIRA
19988,2023,6,EMAIL NAO CONFIRMADO,Reprovado,202216170172179,CIEP 307 DJANIRA
19988,2024,7,EMAIL NAO CONFIRMADO,Não avaliado,202216170172179,CIEP 448 RUY FRAZAO SOARES
20114,2022,6,CONCLUIDA,Reprovado,202231940811422,CE BALTAZAR BERNARDINO
20114,2023,7,VALOR DEPOSITADO,Aprovado,122978748710,E M LEVI CARNEIRO
20114,2024,8,CONCLUIDA,Não avaliado,202231940811422,CE BALTAZAR BERNARDINO
20130,2022,7,PRE-INSCRITO,Aprovado,202031940786190,CE BALTAZAR BERNARDINO
20130,2023,7,PRE-INSCRITO,Reprovado,202031940786190,CE BALTAZAR BERNARDINO
20130,2024,7,PRE-INSCRITO,Não avaliado,202031940786190,CE BALTAZAR BERNARDINO
20142,2022,7,ELEGIVEL,Dep.neste ano,202131940802036,CE BALTAZAR BERNARDINO
20142,2023,7,ELEGIVEL,Aprovado,202131940802036,CE BALTAZAR BERNARDINO
20142,2024,8,ELEGIVEL,Não avaliado,202131940802036,CE BALTAZAR BERNARDINO
20212,2022,7,ELEGIVEL,Aprovado,202132160494195,CE MARIA PEREIRA DAS NEVES
20212,2023,7,ELEGIVEL,Reprovado,202132160494195,CE MARIA PEREIRA DAS NEVES
20212,2024,7,ELEGIVEL,Não avaliado,202431960631546,CE CIZINIO SOARES PINTO
20302,2022,8,ELEGIVEL,Aprovado,202031960577831,CE CIZINIO SOARES PINTO
20302,2023,8,ELEGIVEL,Reprovado,202332140716756,CE LEOPOLDO FROES
20415,2022,7,INSCRICAO PARCIAL,Reprovado,202132300562491,IE PROFESSOR ISMAEL COUTINHO
20415,2023,7,INSCRICAO PARCIAL,Aprovado,202132300562491,IE PROFESSOR ISMAEL COUTINHO
20415,2024,9,INSCRICAO PARCIAL,Não avaliado,202132300562491,IE PROFESSOR ISMAEL COUTINHO
20475,2022,1,ELEGIVEL,Transferido,202032300550673,IE PROFESSOR ISMAEL COUTINHO
20475,2023,1,ELEGIVEL,Reprovado,202032300550673,LICEU NILO PECANHA
20475,2024,3,ELEGIVEL,Não avaliado,202431881763954,LICEU NILO PECANHA
20624,2022,6,PRE-INSCRITO,Reprovado,202231890528498,CE MACHADO DE ASSIS
20624,2023,6,PRE-INSCRITO,Reprovado,202231890528498,CE MACHADO DE ASSIS
20624,2024,7,PRE-INSCRITO,Não avaliado,202231890528498,CE MACHADO DE ASSIS
20627,2022,7,ELEGIVEL,Reprovado,202131890519778,CE MACHADO DE ASSIS
20627,2024,9,ELEGIVEL,Não avaliado,123510736655,E M PAULO FREIRE
20659,2022,6,PRE-INSCRITO,Reprovado,202231890531014,CE MACHADO DE ASSIS
20659,2023,6,PRE-INSCRITO,Reprovado,202231890531014,CE MACHADO DE ASSIS
20659,2024,7,PRE-INSCRITO,Não avaliado,202231890531014,CE MACHADO DE ASSIS
20665,2022,8,PRE-INSCRITO,Aprovado,202031890500787,CE MACHADO DE ASSIS
20665,2023,9,PRE-INSCRITO,Reprovado,202031890500787,CE JOSE BONIFACIO
20665,2024,1,PRE-INSCRITO,Não avaliado,202031890500787,CE JOSE BONIFACIO
20819,2022,7,ELEGIVEL,Dep.neste ano e outros,202117820457638,CIEP 450 DI CAVALCANTI
20819,2023,8,ELEGIVEL,Reprovado,202117820457638,CIEP 450 DI CAVALCANTI
20819,2024,9,ELEGIVEL,Não avaliado,144648173600,E M FRANCISCO PORTUGAL NEVES
20879,2022,6,ELEGIVEL,Reprovado,202232010420702,EE DOUTOR MEMORIA
20879,2023,6,ELEGIVEL,Reprovado,202232010420702,EE DOUTOR MEMORIA
20879,2024,7,ELEGIVEL,Não avaliado,202232010420702,EE DOUTOR MEMORIA
20885,2022,6,CONCLUIDA,Reprovado,202232010417590,EE DOUTOR MEMORIA
20885,2023,6,CONCLUIDA,Reprovado,202232010417590,EE DOUTOR MEMORIA
20885,2024,7,CONCLUIDA,Não avaliado,202232010417590,CE MACHADO DE ASSIS
20936,2022,2,ELEGIVEL,Reprovado,202119340632890,CE DAVID CAPISTRANO
20936,2023,3,ELEGIVEL,Transferido,202119340632890,CIEP 251 DONA MARIA PORTUGAL
20986,2022,8,ELEGIVEL,Reprovado,202232000489890,CE DOUTOR LUCIANO PESTRE
20986,2023,9,ELEGIVEL,Aprovado,122551958271,E M RACHIDE DA GLORIA SALIM SAKER
20986,2024,1,ELEGIVEL,Não avaliado,202232000489890,CE BRIGADEIRO CASTRIOTO
21026,2022,1,INSCRICAO PARCIAL,Aprovado,202129510596404,CIEP 307 DJANIRA
21026,2023,2,INSCRICAO PARCIAL,Reprovado,202129510596404,CE RAUL VIDAL
21026,2024,3,INSCRICAO PARCIAL,Não avaliado,202129510596404,CE ZULEIKA RAPOSO VALLADARES
21079,2022,7,ELEGIVEL,Aprovado,202131960582805,CE CIZINIO SOARES PINTO
21079,2023,7,ELEGIVEL,Reprovado,202131960582805,CE CIZINIO SOARES PINTO
21079,2024,7,ELEGIVEL,Não avaliado,202131960582805,CE CIZINIO SOARES PINTO
21105,2022,8,ELEGIVEL,Aprovado,202031960559858,CE CIZINIO SOARES PINTO
21105,2023,8,ELEGIVEL,Aprovado,202031960559858,CE LEOPOLDO FROES
21105,2024,9,ELEGIVEL,Não avaliado,202031960559858,CE LEOPOLDO FROES
21110,2022,8,ELEGIVEL,Aprovado,202017820445307,CE CIZINIO SOARES PINTO
21110,2023,8,ELEGIVEL,Reprovado,202332300602591,IE PROFESSOR ISMAEL COUTINHO
21110,2024,8,ELEGIVEL,Não avaliado,202332300602591,IE PROFESSOR ISMAEL COUTINHO
21123,2022,6,ELEGIVEL,Aprovado,202231960595431,CE CIZINIO SOARES PINTO
21123,2023,6,ELEGIVEL,Reprovado,202231960595431,CE CIZINIO SOARES PINTO
21123,2024,6,ELEGIVEL,Não avaliado,202231960595431,CE CIZINIO SOARES PINTO
21138,2022,6,PRE-INSCRITO,Aprovado,202231960596160,CE CIZINIO SOARES PINTO
21138,2023,6,PRE-INSCRITO,Aprovado,202231960596160,CE CIZINIO SOARES PINTO
21138,2024,7,PRE-INSCRITO,Não avaliado,202231960596160,CE CIZINIO SOARES PINTO
21163,2022,6,ELEGIVEL,Aprovado,202231960607545,CE CIZINIO SOARES PINTO
21163,2023,6,ELEGIVEL,Reprovado,202231960607545,CE CIZINIO SOARES PINTO
21163,2024,7,ELEGIVEL,Não avaliado,202231960607545,CE CIZINIO SOARES PINTO
21399,2022,6,ELEGIVEL,Reprovado,202231900519666,CE MULLULO DA VEIGA
21399,2023,6,ELEGIVEL,Reprovado,202231900519666,CE MULLULO DA VEIGA
21399,2024,7,ELEGIVEL,Não avaliado,202231900519666,CE MULLULO DA VEIGA
21402,2022,6,ELEGIVEL,Reprovado,202231900514354,CE MULLULO DA VEIGA
21402,2023,6,ELEGIVEL,Reprovado,202231900514354,CE MULLULO DA VEIGA
21402,2024,7,ELEGIVEL,Não avaliado,202231900514354,CE MULLULO DA VEIGA
21424,2022,6,ELEGIVEL,Aprovado,202231900516561,CE MULLULO DA VEIGA
21424,2024,9,ELEGIVEL,Não avaliado,124149484774,ESCOLA MUNICIPAL ALTIVO CESAR
21435,2022,6,ELEGIVEL,Reprovado,202231900515164,CE MULLULO DA VEIGA
21435,2023,6,ELEGIVEL,Reprovado,202231900515164,CE MULLULO DA VEIGA
21435,2024,7,ELEGIVEL,Não avaliado,202231900515164,CE MULLULO DA VEIGA
21450,2022,9,ELEGIVEL,Reprovado,201831900459399,CE MULLULO DA VEIGA
21450,2023,1,ELEGIVEL,Reprovado,201831900459399,CE MULLULO DA VEIGA
21450,2024,1,ELEGIVEL,Não avaliado,201831900459399,CE MULLULO DA VEIGA
21486,2022,8,ELEGIVEL,Reprovado,202031900501675,CE MULLULO DA VEIGA
21486,2023,8,ELEGIVEL,Reprovado,202031900501675,CE MULLULO DA VEIGA
21486,2024,9,ELEGIVEL,Não avaliado,203978083300,ESCOLA MUNICIPAL ALTIVO CESAR
21499,2022,6,ELEGIVEL,Reprovado,202231900520087,CE MULLULO DA VEIGA
21499,2023,6,ELEGIVEL,Reprovado,202231900520087,CE MULLULO DA VEIGA
21499,2024,7,ELEGIVEL,Não avaliado,202231900520087,CE MULLULO DA VEIGA
21503,2022,2,ELEGIVEL,Aprovado,201717820383149,CE PAULO ASSIS RIBEIRO
21503,2023,2,ELEGIVEL,Reprovado,201917820419723,CE CIZINIO SOARES PINTO
21503,2024,2,ELEGIVEL,Não avaliado,201917820419723,CE CIZINIO SOARES PINTO
21561,2022,7,INSCRICAO PARCIAL,Aprovado,202132290346951,CE ZULEIKA RAPOSO VALLADARES
21561,2023,8,INSCRICAO PARCIAL,Reprovado,202132290346951,CE ZULEIKA RAPOSO VALLADARES
21561,2024,9,INSCRICAO PARCIAL,Não avaliado,123226118756,E M MAESTRO HEITOR VILLA LOBOS
21605,2022,9,ELEGIVEL,Aprovado,201931850769426,CE CONSELHEIRO MACEDO SOARES
21605,2023,1,ELEGIVEL,Reprovado,201931850769426,CE RAUL VIDAL
21605,2024,2,ELEGIVEL,Não avaliado,201931850769426,CE ZULEIKA RAPOSO VALLADARES
21639,2022,6,INSCRICAO PARCIAL,Reprovado,202231930464401,CE ALMIRANTE TAMANDARE
21639,2023,7,INSCRICAO PARCIAL,Aprovado,202231930464401,CE ALMIRANTE TAMANDARE
21639,2024,8,INSCRICAO PARCIAL,Não avaliado,202231930464401,CE ALMIRANTE TAMANDARE
21829,2022,8,ELEGIVEL,Aprovado,202032150577474,CE MANUEL DE ABREU
21829,2023,9,ELEGIVEL,Reprovado,202032150577474,CE MANUEL DE ABREU
21829,2024,1,ELEGIVEL,Não avaliado,202032150577474,CE MANUEL DE ABREU
21841,2022,9,CONCLUIDA,Reprovado,201931870831488,CE JOAQUIM TAVORA
21841,2023,9,CONCLUIDA,Reprovado,201931870831488,CE JOAQUIM TAVORA
21841,2024,1,CONCLUIDA,Não avaliado,201931870831488,CE JOAQUIM TAVORA
21891,2022,8,ELEGIVEL,Aprovado,201931870840711,CE JOAQUIM TAVORA
21891,2023,8,ELEGIVEL,Reprovado,201931870840711,CE JOAQUIM TAVORA
21891,2024,8,ELEGIVEL,Não avaliado,201931870840711,CE JOAQUIM TAVORA
21916,2022,6,PRE-INSCRITO,Reprovado,202231870934083,CE JOAQUIM TAVORA
21916,2023,6,PRE-INSCRITO,Reprovado,202231870934083,CE JOAQUIM TAVORA
21916,2024,7,PRE-INSCRITO,Não avaliado,202231870934083,CE MANUEL DE ABREU
21971,2022,6,VALOR DEPOSITADO,Aprovado,202232130435065,CE JOSE BONIFACIO
21971,2023,6,CONCLUIDA,Dep.neste ano,202232130435065,CE JOSE BONIFACIO
21971,2024,7,CONCLUIDA,Não avaliado,202232130435065,CE JOSE BONIFACIO
22206,2022,8,CONCLUIDA,Reprovado,202032140647410,CE LEOPOLDO FROES
22206,2023,9,CONCLUIDA,Aprovado,123656368294,E M PAULO FREIRE
22206,2024,1,CONCLUIDA,Não avaliado,202032140647410,CE GUILHERME BRIGGS
22376,2022,8,INSCRICAO PARCIAL,Aprovado,202032160481992,CE FERNANDO MAGALHAES
22376,2023,9,INSCRICAO PARCIAL,Reprovado,202032160481992,CE FERNANDO MAGALHAES
22376,2024,1,INSCRICAO PARCIAL,Não avaliado,202032160481992,CE FERNANDO MAGALHAES
22407,2022,7,ELEGIVEL,Dep.neste ano,202132100423151,CE HILARIO RIBEIRO
22407,2023,7,ELEGIVEL,Transferido,202332050450390,CE EMBAIXADOR RAUL FERNANDES
22407,2024,7,ELEGIVEL,Não avaliado,202332050450390,EE DOUTOR MEMORIA
22511,2022,6,ELEGIVEL,Reprovado,202217820465890,CIEP 450 DI CAVALCANTI
22511,2023,6,ELEGIVEL,Reprovado,202217820465890,CIEP 450 DI CAVALCANTI
22511,2024,7,ELEGIVEL,Não avaliado,202217820465890,CIEP 450 DI CAVALCANTI
22526,2022,6,ELEGIVEL,Reprovado,202217820466511,CIEP 450 DI CAVALCANTI
22526,2023,6,ELEGIVEL,Reprovado,202217820466511,CIEP 450 DI CAVALCANTI
22526,2024,9,ELEGIVEL,Não avaliado,202217820466511,CIEP 450 DI CAVALCANTI
22557,2022,8,ELEGIVEL,Aprovado,201831970314454,CE HILARIO RIBEIRO
22557,2023,9,ELEGIVEL,Reprovado,201831970314454,CE RAUL VIDAL
22557,2024,1,ELEGIVEL,Não avaliado,201831970314454,CE ZULEIKA RAPOSO VALLADARES
22608,2022,7,PRE-INSCRITO,Aprovado,202232230550273,CE PINTO LIMA
22608,2024,9,ELEGIVEL,Não avaliado,119095411337,E M DR ALBERTO FRANCISCO TORRES
22644,2022,2,CONCLUIDA,Aprovado,201632260788710,CE PINTO LIMA
22644,2023,3,CONCLUIDA,Aprovado,201632260788710,CE PINTO LIMA
22657,2022,8,VALOR DEPOSITADO,Aprovado,202031870870635,CE PINTO LIMA
22657,2023,9,CONCLUIDA,Reprovado,202031870870635,CE RAUL VIDAL
22657,2024,1,CONCLUIDA,Não avaliado,202031870870635,CE PINTO LIMA
22665,2022,8,PRE-INSCRITO,Dep.neste ano,202032230529026,CE PINTO LIMA
22665,2023,8,PRE-INSCRITO,Dep.neste ano,202032230529026,CE PINTO LIMA
22665,2024,9,PRE-INSCRITO,Não avaliado,202032230529026,CE PINTO LIMA
22723,2022,8,CONCLUIDA,Reprovado,202032130420251,CE MANUEL DE ABREU
22723,2023,9,CONCLUIDA,Reprovado,202032130420251,CE MANUEL DE ABREU
22723,2024,9,CONCLUIDA,Não avaliado,202032130420251,CE MANUEL DE ABREU
22729,2022,9,INSCRICAO PARCIAL,Reprovado,201732300414949,IE PROFESSOR ISMAEL COUTINHO
22729,2023,1,INSCRICAO PARCIAL,Aprovado,201732300414949,CE GUILHERME BRIGGS
22729,2024,2,INSCRICAO PARCIAL,Não avaliado,201732300414949,CE GUILHERME BRIGGS
22778,2022,6,EMAIL NAO CONFIRMADO,Reprovado,202232140668607,CE LEOPOLDO FROES
22778,2023,6,EMAIL NAO CONFIRMADO,Reprovado,202232140668607,CE LEOPOLDO FROES
22778,2024,7,EMAIL NAO CONFIRMADO,Não avaliado,202232140668607,CE LEOPOLDO FROES
22781,2022,9,ELEGIVEL,Aprovado,201932010402010,EE DOUTOR MEMORIA
22781,2023,1,ELEGIVEL,Reprovado,201932010402010,CE AURELINO LEAL
22781,2024,2,ELEGIVEL,Não avaliado,201932010402010,LICEU NILO PECANHA
22813,2022,6,INSCRICAO PARCIAL,Reprovado,202232010417248,EE DOUTOR MEMORIA
22813,2023,6,INSCRICAO PARCIAL,Reprovado,202232010417248,EE DOUTOR MEMORIA
22813,2024,7,INSCRICAO PARCIAL,Não avaliado,202232010417248,EE DOUTOR MEMORIA
22853,2022,7,ELEGIVEL,Reprovado,202132270133804,EE DOUTOR MEMORIA
22853,2023,8,ELEGIVEL,Dep.neste ano,202132270133804,EE DOUTOR MEMORIA
22853,2024,9,ELEGIVEL,Não avaliado,202132270133804,EE DOUTOR MEMORIA
22854,2022,9,VALOR DEPOSITADO,Aprovado,201932010393097,EE DOUTOR MEMORIA
22854,2023,1,CONCLUIDA,Reprovado,201932010393097,CE RAUL VIDAL
22854,2024,2,CONCLUIDA,Não avaliado,201932010393097,CE ZULEIKA RAPOSO VALLADARES
22889,2022,7,ELEGIVEL,Reprovado,202132170282964,EE MENEZES VIEIRA
22889,2023,7,ELEGIVEL,Dep.neste ano,202132170282964,EE MENEZES VIEIRA
22889,2024,9,ELEGIVEL,Não avaliado,124334707652,ESCOLA MUNICIPAL ALTIVO CESAR
22940,2022,8,ELEGIVEL,Reprovado,201931850761794,EE MENEZES VIEIRA
22940,2023,8,ELEGIVEL,Reprovado,201931850761794,EE MENEZES VIEIRA
22940,2024,9,ELEGIVEL,Não avaliado,122406895792,ESCOLA MUNICIPAL ALTIVO CESAR
23121,2022,7,ELEGIVEL,Aprovado,202215930373710,CIEP 448 RUY FRAZAO SOARES
23121,2023,7,ELEGIVEL,Reprovado,202215930373710,CIEP 448 RUY FRAZAO SOARES
23121,2024,7,ELEGIVEL,Não avaliado,202215930373710,CIEP 448 RUY FRAZAO SOARES
23231,2022,9,ELEGIVEL,Aprovado,202132100426510,CE HILARIO RIBEIRO
23231,2023,2,ELEGIVEL,Aprovado,202132100426510,CE HILARIO RIBEIRO
23231,2024,3,ELEGIVEL,Não avaliado,202132100426510,CE HILARIO RIBEIRO
23246,2022,6,ELEGIVEL,Aprovado,202232100439712,CE HILARIO RIBEIRO
23246,2023,6,ELEGIVEL,Transferido,202232100439712,CE EMBAIXADOR RAUL FERNANDES
23246,2024,7,ELEGIVEL,Não avaliado,202232100439712,CE HILARIO RIBEIRO
23333,2022,6,PRE-INSCRITO,Reprovado,202232261098887,CE RAUL VIDAL
23333,2023,7,PRE-INSCRITO,Reprovado,202232261098887,CE RAUL VIDAL
23333,2024,8,PRE-INSCRITO,Não avaliado,202232261098887,CE ZULEIKA RAPOSO VALLADARES
23353,2022,8,VALOR DEPOSITADO,Aprovado,202032261025526,CE RAUL VIDAL
23353,2023,9,CONCLUIDA,Reprovado,202032261025526,CE RAUL VIDAL
23353,2024,1,CONCLUIDA,Não avaliado,202032261025526,CE ZULEIKA RAPOSO VALLADARES
23361,2022,1,VALOR DEPOSITADO,Aprovado,202232261119711,CE RAUL VIDAL
23361,2023,2,CONCLUIDA,Reprovado,202232261119711,CE RAUL VIDAL
23361,2024,3,CONCLUIDA,Não avaliado,202232261119711,CE ZULEIKA RAPOSO VALLADARES
23363,2022,8,ELEGIVEL,Aprovado,202032261056162,CE RAUL VIDAL
23363,2023,8,ELEGIVEL,Reprovado,202032261056162,CE RAUL VIDAL
23370,2022,8,VALOR DEPOSITADO,Aprovado,202032261031844,CE RAUL VIDAL
23370,2023,9,CONCLUIDA,Reprovado,202032261031844,CE RAUL VIDAL
23370,2024,1,CONCLUIDA,Não avaliado,202032261031844,CE ZULEIKA RAPOSO VALLADARES
23383,2022,8,ELEGIVEL,Dep.neste ano,202031850816104,CE RAUL VIDAL
23383,2023,9,ELEGIVEL,Reprovado,202031850816104,CE RAUL VIDAL
23383,2024,1,ELEGIVEL,Não avaliado,202031850816104,CE ZULEIKA RAPOSO VALLADARES
23392,2022,9,ELEGIVEL,Reprovado,121524501912,E M FRANCISCO PORTUGAL NEVES
23392,2023,9,ELEGIVEL,Reprovado,121524501912,E M FRANCISCO PORTUGAL NEVES
23392,2024,1,ELEGIVEL,Não avaliado,202431930504937,CE ALMIRANTE TAMANDARE
23394,2022,1,PRE-INSCRITO,Aprovado,20211018403,INSTITUTO FEDERAL DE EDUCACAO CIENCIA E TECNOLOGIA DO RIO DE JANEIRO CAMPUS NITEROI
23394,2023,3,PRE-INSCRITO,Aprovado,20211018403,INSTITUTO FEDERAL DE EDUCACAO CIENCIA E TECNOLOGIA DO RIO DE JANEIRO CAMPUS NITEROI
23429,2022,6,VALOR DEPOSITADO,Aprovado,127362761324,ESCOLA MUNICIPAL ANTINEIA SILVEIRA MIRANDA
23429,2024,8,ELEGIVEL,Não avaliado,127362761324,ESCOLA MUNICIPAL ANTINEIA SILVEIRA MIRANDA
23477,2022,8,VALOR DEPOSITADO,Aprovado,201929710565923,CE FERNANDO MAGALHAES
23477,2023,1,CONCLUIDA,Dep.neste ano,201929710565923,CE FERNANDO MAGALHAES
23477,2024,2,CONCLUIDA,Não avaliado,201929710565923,CE FERNANDO MAGALHAES
23490,2022,8,VALOR DEPOSITADO,Aprovado,123212976895,E M FRANCISCO PORTUGAL NEVES
23490,2023,8,CONCLUIDA,Aprovado,123212976895,E M FRANCISCO PORTUGAL NEVES
23490,2024,1,CONCLUIDA,Não avaliado,202431881726676,LICEU NILO PECANHA
23494,2022,8,ELEGIVEL,Não avaliado,122787754308,E M FRANCISCO PORTUGAL NEVES
23494,2023,8,ELEGIVEL,Aprovado,122787754308,E M FRANCISCO PORTUGAL NEVES
23494,2024,1,ELEGIVEL,Não avaliado,202432160519707,CE MARIA PEREIRA DAS NEVES
23501,2023,7,CONCLUIDA,Reprovado,2017.0201.4475,COLEGIO UNIVERSITARIO PROFº GERALDO ACHILLES DOS REIS
23501,2024,8,CONCLUIDA,Não avaliado,2017.0201.4475,COLEGIO UNIVERSITARIO PROFº GERALDO ACHILLES DOS REIS
23574,2023,6,PRE-INSCRITO,Aprovado,202332300594122,IE PROFESSOR ISMAEL COUTINHO
23574,2024,9,PRE-INSCRITO,Não avaliado,202332300594122,IE PROFESSOR ISMAEL COUTINHO
23650,2023,9,ELEGIVEL,Reprovado,202332261133001,CE RAUL VIDAL
23650,2024,1,ELEGIVEL,Não avaliado,202332261133001,LICEU NILO PECANHA
23651,2023,1,ELEGIVEL,Reprovado,202332261132895,CE RAUL VIDAL
23651,2024,2,ELEGIVEL,Não avaliado,202332261132895,CE ZULEIKA RAPOSO VALLADARES
23661,2023,6,ELEGIVEL,Reprovado,202331890544589,CE MACHADO DE ASSIS
23661,2024,7,ELEGIVEL,Não avaliado,202331890544589,CE MACHADO DE ASSIS
23664,2023,6,ELEGIVEL,Reprovado,202332270154936,CE LEOPOLDO FROES
23664,2024,7,ELEGIVEL,Não avaliado,202332270154936,CE LEOPOLDO FROES
23673,2023,7,PRE-INSCRITO,Reprovado,202232261098968,CE RAUL VIDAL
23673,2024,8,PRE-INSCRITO,Não avaliado,202232261098968,CE ZULEIKA RAPOSO VALLADARES
23773,2023,6,ELEGIVEL,Reprovado,202331940835093,CE BALTAZAR BERNARDINO
23773,2024,7,ELEGIVEL,Não avaliado,202331940835093,CE LEOPOLDO FROES
23779,2023,1,ELEGIVEL,Reprovado,201931930398645,CE ALMIRANTE TAMANDARE
23779,2024,2,ELEGIVEL,Não avaliado,201931930398645,CE ALMIRANTE TAMANDARE
23910,2023,6,ELEGIVEL,Reprovado,202317820483510,CIEP 450 DI CAVALCANTI
23910,2024,7,ELEGIVEL,Não avaliado,202317820483510,CIEP 450 DI CAVALCANTI
23932,2023,6,ELEGIVEL,Reprovado,202232230551164,IE PROFESSOR ISMAEL COUTINHO
23932,2024,7,ELEGIVEL,Não avaliado,202232230551164,IE PROFESSOR ISMAEL COUTINHO
23947,2023,6,ELEGIVEL,Transferido,202217820468725,CE LEOPOLDO FROES
23947,2024,9,ELEGIVEL,Não avaliado,202217820468725,CE BALTAZAR BERNARDINO
23984,2023,9,ELEGIVEL,Reprovado,202015930333371,CIEP 448 RUY FRAZAO SOARES
23984,2024,1,ELEGIVEL,Não avaliado,202015930333371,CIEP 448 RUY FRAZAO SOARES
24021,2023,6,ELEGIVEL,Reprovado,202331940843355,CE BALTAZAR BERNARDINO
24021,2024,7,ELEGIVEL,Não avaliado,202331940843355,CE BALTAZAR BERNARDINO
24042,2023,6,ELEGIVEL,Reprovado,202332261131732,CE RAUL VIDAL
24042,2024,7,ELEGIVEL,Não avaliado,202332261131732,CE JOAQUIM TAVORA
24363,2023,2,ELEGIVEL,Reprovado,202232261103810,CE RAUL VIDAL
24363,2024,3,ELEGIVEL,Não avaliado,202232261103810,CE ZULEIKA RAPOSO VALLADARES
24433,2023,6,ELEGIVEL,Reprovado,202332140709466,CE LEOPOLDO FROES
24433,2024,7,ELEGIVEL,Não avaliado,202332140709466,CE LEOPOLDO FROES
24507,2023,6,INSCRICAO PARCIAL,Reprovado,202331940835840,CE MANUEL DE ABREU
24507,2024,7,INSCRICAO PARCIAL,Não avaliado,202331940835840,CE MANUEL DE ABREU
24508,2023,8,ELEGIVEL,Reprovado,202032290340353,EE MENEZES VIEIRA
24508,2024,9,ELEGIVEL,Não avaliado,122848641630,E M MAESTRO HEITOR VILLA LOBOS
24533,2023,6,ELEGIVEL,Reprovado,202332010430313,EE DOUTOR MEMORIA
24533,2024,7,ELEGIVEL,Não avaliado,202332010430313,EE DOUTOR MEMORIA
24764,2023,6,ELEGIVEL,Reprovado,202332300589986,CE CONSELHEIRO JOSINO
24764,2024,7,ELEGIVEL,Não avaliado,202332300589986,CE CONSELHEIRO JOSINO
24866,2023,6,ELEGIVEL,Reprovado,202332261144125,CE MANUEL DE ABREU
24866,2024,7,ELEGIVEL,Não avaliado,202332261144125,CE MANUEL DE ABREU
24886,2023,6,ELEGIVEL,Reprovado,202332140715008,CE LEOPOLDO FROES
24886,2024,7,ELEGIVEL,Não avaliado,202332140715008,CE LEOPOLDO FROES
24905,2023,6,ELEGIVEL,Reprovado,202332010427797,EE DOUTOR MEMORIA
24905,2024,7,ELEGIVEL,Não avaliado,202332010427797,EE DOUTOR MEMORIA
24915,2023,6,ELEGIVEL,Reprovado,202331940840844,CE BALTAZAR BERNARDINO
24915,2024,7,ELEGIVEL,Não avaliado,202331940840844,CE BALTAZAR BERNARDINO
24940,2023,6,ELEGIVEL,Reprovado,202332230573296,CE PINTO LIMA
24940,2024,7,ELEGIVEL,Não avaliado,202332230573296,CE PINTO LIMA
25045,2023,7,ELEGIVEL,Aprovado,202131850867333,CE RAUL VIDAL
25045,2024,1,ELEGIVEL,Não avaliado,202131850867333,CE ZULEIKA RAPOSO VALLADARES
25080,2023,6,ELEGIVEL,Reprovado,202331900529862,CE MULLULO DA VEIGA
25080,2024,7,ELEGIVEL,Não avaliado,202331900529862,CE MULLULO DA VEIGA
25108,2023,6,ELEGIVEL,Reprovado,202331970361103,CE CONSELHEIRO JOSINO
25108,2024,7,ELEGIVEL,Não avaliado,202431970368864,CE CONSELHEIRO JOSINO
25166,2023,6,PRE-INSCRITO,Reprovado,202331890553227,CE MACHADO DE ASSIS
25166,2024,7,PRE-INSCRITO,Não avaliado,202331890553227,CE MACHADO DE ASSIS
25171,2023,9,ELEGIVEL,Reprovado,202016170154811,CE FERNANDO MAGALHAES
25171,2024,1,ELEGIVEL,Não avaliado,202016170154811,CIEP 448 RUY FRAZAO SOARES
25236,2023,6,INSCRICAO PARCIAL,Reprovado,202232150621417,CE MANUEL DE ABREU
25236,2024,7,INSCRICAO PARCIAL,Não avaliado,202232150621417,CE MANUEL DE ABREU
25305,2023,6,ELEGIVEL,Reprovado,202332140701643,CIEP 450 DI CAVALCANTI
25305,2024,7,ELEGIVEL,Não avaliado,202332140701643,CIEP 450 DI CAVALCANTI
25307,2023,6,ELEGIVEL,Reprovado,202331850910495,CE CONSELHEIRO MACEDO SOARES
25307,2024,7,ELEGIVEL,Não avaliado,202331850910495,CE CONSELHEIRO MACEDO SOARES
25326,2023,6,ELEGIVEL,Reprovado,202332170298741,EE MENEZES VIEIRA
25326,2024,7,ELEGIVEL,Não avaliado,202332170298741,EE MENEZES VIEIRA
25340,2023,6,ELEGIVEL,Reprovado,202332010427959,EE DOUTOR MEMORIA
25340,2024,7,ELEGIVEL,Não avaliado,202332010427959,EE DOUTOR MEMORIA
25395,2023,6,ELEGIVEL,Reprovado,202231900515830,CE MULLULO DA VEIGA
25395,2024,7,ELEGIVEL,Não avaliado,202231900515830,CE MULLULO DA VEIGA
25716,2023,2,ELEGIVEL,Reprovado,202131930439321,CE ALMIRANTE TAMANDARE
25716,2024,3,ELEGIVEL,Não avaliado,202131930439321,CIEP 449 GOVERNADOR LEONEL DE MOURA BRIZOLA BRASIL FRANCA
25739,2023,2,ELEGIVEL,Reprovado,202232261108866,CE RAUL VIDAL
25739,2024,3,ELEGIVEL,Não avaliado,202232261108866,CE ZULEIKA RAPOSO VALLADARES
25740,2023,1,ELEGIVEL,Reprovado,202232261118748,CE RAUL VIDAL
25740,2024,2,ELEGIVEL,Não avaliado,202232261118748,CE ZULEIKA RAPOSO VALLADARES
25767,2023,6,ELEGIVEL,Reprovado,202332130448368,CE JOSE BONIFACIO
25767,2024,7,ELEGIVEL,Não avaliado,202332130448368,CE JOSE BONIFACIO
25774,2023,8,CONCLUIDA,Reprovado,202132261069384,CE RAUL VIDAL
25774,2024,9,CONCLUIDA,Não avaliado,202132261069384,IE PROFESSOR ISMAEL COUTINHO
25790,2023,6,PRE-INSCRITO,Reprovado,202331850914059,CE CONSELHEIRO MACEDO SOARES
25790,2024,7,PRE-INSCRITO,Não avaliado,202331850914059,CE CONSELHEIRO MACEDO SOARES
25848,2023,6,ELEGIVEL,Reprovado,202332261149860,CE RAUL VIDAL
25848,2024,7,ELEGIVEL,Não avaliado,202332261149860,CE ZULEIKA RAPOSO VALLADARES
25940,2023,6,INSCRICAO PARCIAL,Reprovado,202331900525360,CE MULLULO DA VEIGA
25940,2024,7,INSCRICAO PARCIAL,Não avaliado,202331900525360,CE MULLULO DA VEIGA
26013,2023,8,ELEGIVEL,Reprovado,202132261069627,CE RAUL VIDAL
26013,2024,9,ELEGIVEL,Não avaliado,202132261069627,CE ZULEIKA RAPOSO VALLADARES
26024,2023,9,ELEGIVEL,Reprovado,201915930291010,CIEP 448 RUY FRAZAO SOARES
26024,2024,1,ELEGIVEL,Não avaliado,201915930291010,CIEP 448 RUY FRAZAO SOARES
26116,2023,9,ELEGIVEL,Reprovado,123397319764,E M JOAO BRAZIL
26116,2024,1,ELEGIVEL,Não avaliado,202432261174942,CE ZULEIKA RAPOSO VALLADARES
26128,2023,7,ELEGIVEL,Reprovado,127708514974,E M PAULO FREIRE
26128,2024,8,ELEGIVEL,Não avaliado,127708514974,E M PAULO FREIRE
26158,2023,7,ELEGIVEL,Reprovado,123211241565,E M FRANCISCO PORTUGAL NEVES
26158,2024,9,ELEGIVEL,Não avaliado,123211241565,E M FRANCISCO PORTUGAL NEVES
26159,2023,7,ELEGIVEL,Aprovado,123630546527,E M FRANCISCO PORTUGAL NEVES
26159,2024,9,ELEGIVEL,Não avaliado,123630546527,E M FRANCISCO PORTUGAL NEVES
26164,2023,7,ELEGIVEL,Aprovado,122541175484,E M PAULO FREIRE
26164,2024,9,ELEGIVEL,Não avaliado,122541175484,E M PAULO FREIRE
26166,2023,7,ELEGIVEL,Reprovado,122615946071,E M PAULO FREIRE
26166,2024,9,ELEGIVEL,Não avaliado,122615946071,E M PAULO FREIRE
26167,2023,7,ELEGIVEL,Aprovado,122615960651,E M PAULO FREIRE
26167,2024,9,ELEGIVEL,Não avaliado,122615960651,E M PAULO FREIRE
26169,2023,7,PRE-INSCRITO,Aprovado,123509804723,E M RACHIDE DA GLORIA SALIM SAKER
26169,2024,9,PRE-INSCRITO,Não avaliado,123509804723,E M RACHIDE DA GLORIA SALIM SAKER
26170,2023,7,ELEGIVEL,Aprovado,123893312705,E M RACHIDE DA GLORIA SALIM SAKER
26170,2024,9,ELEGIVEL,Não avaliado,123893312705,E M RACHIDE DA GLORIA SALIM SAKER
26177,2023,7,ELEGIVEL,Aprovado,123477644114,E M MAESTRO HEITOR VILLA LOBOS
26177,2024,9,ELEGIVEL,Não avaliado,123477644114,E M MAESTRO HEITOR VILLA LOBOS
26187,2023,7,ELEGIVEL,Reprovado,123540791336,ESCOLA MUNICIPAL SANTOS DUMONT
26187,2024,9,ELEGIVEL,Não avaliado,123540791336,ESCOLA MUNICIPAL SANTOS DUMONT
26191,2023,7,ELEGIVEL,Aprovado,123538841305,ESCOLA MUNICIPAL SANTOS DUMONT
26191,2024,9,ELEGIVEL,Não avaliado,123538841305,ESCOLA MUNICIPAL SANTOS DUMONT
26192,2023,7,ELEGIVEL,Aprovado,123375061420,ESCOLA MUNICIPAL SANTOS DUMONT
26192,2024,9,ELEGIVEL,Não avaliado,123375061420,ESCOLA MUNICIPAL SANTOS DUMONT
26198,2023,7,ELEGIVEL,Aprovado,124031402367,E M JOAO BRAZIL
26198,2024,9,ELEGIVEL,Não avaliado,124031402367,E M JOAO BRAZIL
26332,2023,6,ELEGIVEL,Reprovado,123816724514,E M RACHIDE DA GLORIA SALIM SAKER
26332,2024,7,ELEGIVEL,Não avaliado,123816724514,E M RACHIDE DA GLORIA SALIM SAKER
26383,2023,8,ELEGIVEL,Reprovado,125352661309,E M FRANCISCO PORTUGAL NEVES
26383,2024,9,ELEGIVEL,Não avaliado,125352661309,E M FRANCISCO PORTUGAL NEVES
26393,2023,8,ELEGIVEL,Aprovado,122292235934,E M FRANCISCO PORTUGAL NEVES
26393,2024,1,ELEGIVEL,Não avaliado,202432090324511,CE FERNANDO MAGALHAES
26395,2023,8,ELEGIVEL,Aprovado,123556533994,E M FRANCISCO PORTUGAL NEVES
26395,2024,1,ELEGIVEL,Não avaliado,202031960559777,LICEU NILO PECANHA
26396,2023,8,ELEGIVEL,Aprovado,123379241147,E M FRANCISCO PORTUGAL NEVES
26396,2024,1,ELEGIVEL,Não avaliado,202431930498007,CE ALMIRANTE TAMANDARE
26397,2023,8,ELEGIVEL,Aprovado,122270637002,E M FRANCISCO PORTUGAL NEVES
26397,2024,1,ELEGIVEL,Não avaliado,202431881729934,LICEU NILO PECANHA
26398,2023,8,ELEGIVEL,Reprovado,125061363719,E M FRANCISCO PORTUGAL NEVES
26398,2024,9,ELEGIVEL,Não avaliado,202417820506379,CIEP 450 DI CAVALCANTI
26399,2023,8,ELEGIVEL,Reprovado,123161005111,E M FRANCISCO PORTUGAL NEVES
26399,2024,9,ELEGIVEL,Não avaliado,123161005111,E M FRANCISCO PORTUGAL NEVES
26400,2023,8,ELEGIVEL,Reprovado,122377534740,E M FRANCISCO PORTUGAL NEVES
26400,2024,9,ELEGIVEL,Não avaliado,122377534740,E M FRANCISCO PORTUGAL NEVES
26401,2023,8,ELEGIVEL,Reprovado,122782390316,E M FRANCISCO PORTUGAL NEVES
26401,2024,9,ELEGIVEL,Não avaliado,122782390316,E M FRANCISCO PORTUGAL NEVES
26402,2023,8,ELEGIVEL,Reprovado,124024205888,E M FRANCISCO PORTUGAL NEVES
26402,2024,9,ELEGIVEL,Não avaliado,124024205888,E M FRANCISCO PORTUGAL NEVES
26486,2023,6,ELEGIVEL,Reprovado,127537468930,E M PAULO FREIRE
26486,2024,7,ELEGIVEL,Não avaliado,127537468930,E M PAULO FREIRE
26518,2023,6,ELEGIVEL,Reprovado,124375503997,E M PAULO FREIRE
26518,2024,7,ELEGIVEL,Não avaliado,124375503997,ESCOLA MUNICIPAL SANTOS DUMONT
26599,2023,6,ELEGIVEL,Reprovado,124182890875,E M FRANCISCO PORTUGAL NEVES
26599,2024,7,ELEGIVEL,Não avaliado,124182890875,E M FRANCISCO PORTUGAL NEVES
26603,2023,6,ELEGIVEL,Reprovado,121377577103,E M FRANCISCO PORTUGAL NEVES
26603,2024,7,ELEGIVEL,Não avaliado,121377577103,E M FRANCISCO PORTUGAL NEVES
26612,2023,6,ELEGIVEL,Reprovado,124208528183,E M MAESTRO HEITOR VILLA LOBOS
26612,2024,7,ELEGIVEL,Não avaliado,124208528183,E M MAESTRO HEITOR VILLA LOBOS
26618,2023,6,ELEGIVEL,Reprovado,123162892235,E M MAESTRO HEITOR VILLA LOBOS
26618,2024,7,ELEGIVEL,Não avaliado,123162892235,E M MAESTRO HEITOR VILLA LOBOS
26734,2023,8,ELEGIVEL,Reprovado,122803921439,ESCOLA MUNICIPAL SANTOS DUMONT
26734,2024,9,ELEGIVEL,Não avaliado,122803921439,ESCOLA MUNICIPAL SANTOS DUMONT
27010,2022,1,ELEGIVEL,Não avaliado,202132300567378,IE PROFESSOR ISMAEL COUTINHO
27010,2023,2,ELEGIVEL,Reprovado,202132300567378,IE PROFESSOR ISMAEL COUTINHO
27010,2024,3,ELEGIVEL,Não avaliado,202132300567378,LICEU NILO PECANHA
27020,2023,8,PRE-INSCRITO,Dep.neste ano,124082799337,E M FRANCISCO PORTUGAL NEVES
27020,2024,1,PRE-INSCRITO,Não avaliado,202016170136919,CE MARIA PEREIRA DAS NEVES
